sale_id,user_id,total_amount,category,payment_method,sale_date
1,182,22995,books,debit_card,2025-05-06
2,549,46227,electronics,paypal,2024-11-28
3,948,41022,books,paypal,2025-04-03
4,835,22893,clothing,debit_card,2024-07-16
5,147,21674,books,paypal,2024-11-03
6,407,20297,food,credit_card,2025-03-21
7,874,16197,electronics,debit_card,2024-12-27
8,140,16202,books,paypal,2024-07-20
9,122,17912,clothing,debit_card,2025-03-16
10,956,19237,electronics,paypal,2025-01-02
11,667,36181,clothing,credit_card,2025-02-26
12,964,27727,electronics,debit_card,2024-12-06
13,908,20747,clothing,paypal,2025-04-19
14,464,37630,food,credit_card,2024-06-15
15,789,30508,clothing,credit_card,2024-06-03
16,926,1684,electronics,paypal,2024-06-21
17,703,48398,electronics,debit_card,2024-08-19
18,842,23848,clothing,credit_card,2025-03-17
19,82,24640,food,credit_card,2024-08-05
20,288,21362,clothing,credit_card,2024-11-13
21,836,43618,books,paypal,2025-02-16
22,444,33627,food,debit_card,2025-01-01
23,865,45082,food,credit_card,2025-03-21
24,510,13213,clothing,paypal,2024-06-05
25,26,45818,food,debit_card,2025-03-03
26,228,29644,food,debit_card,2025-03-11
27,592,28678,food,paypal,2024-12-03
28,417,12840,clothing,debit_card,2025-05-16
29,115,18762,electronics,paypal,2025-04-24
30,948,41741,books,credit_card,2024-10-05
31,955,35693,electronics,credit_card,2024-11-10
32,334,43037,electronics,credit_card,2025-05-05
33,943,10460,food,paypal,2025-02-15
34,747,8890,electronics,debit_card,2025-02-11
35,328,30850,clothing,credit_card,2024-10-12
36,28,40097,books,credit_card,2024-07-28
37,709,8588,clothing,debit_card,2024-08-20
38,826,41626,electronics,debit_card,2025-02-22
39,931,2799,clothing,credit_card,2025-02-05
40,388,41291,books,debit_card,2024-05-19
41,158,34454,food,credit_card,2025-05-04
42,616,42762,clothing,paypal,2024-06-28
43,877,32261,clothing,debit_card,2025-03-13
44,737,24979,books,paypal,2024-06-02
45,219,15876,clothing,credit_card,2025-03-01
46,656,45931,food,credit_card,2024-05-24
47,631,12958,clothing,credit_card,2024-12-21
48,373,31543,clothing,debit_card,2025-01-22
49,133,15352,food,debit_card,2025-04-03
50,520,23438,electronics,debit_card,2024-10-26
51,94,3708,food,credit_card,2024-08-29
52,192,25999,food,credit_card,2024-09-01
53,827,10880,clothing,debit_card,2025-04-28
54,102,1427,food,credit_card,2025-02-27
55,406,7038,books,paypal,2024-08-07
56,228,37087,clothing,paypal,2025-04-02
57,987,32808,food,paypal,2025-01-03
58,547,17426,food,debit_card,2025-02-04
59,333,29507,books,credit_card,2025-03-04
60,215,14701,clothing,credit_card,2025-02-24
61,942,47166,electronics,paypal,2025-03-24
62,773,40308,books,debit_card,2025-02-28
63,355,37214,clothing,paypal,2024-06-11
64,702,41875,clothing,credit_card,2024-11-17
65,415,4246,food,credit_card,2024-07-05
66,346,14332,books,paypal,2025-04-22
67,922,26033,clothing,paypal,2024-09-14
68,886,16532,electronics,paypal,2025-03-20
69,545,4132,books,debit_card,2024-06-01
70,813,32729,books,credit_card,2025-01-17
71,7,32322,books,credit_card,2024-08-04
72,973,20481,electronics,paypal,2024-08-03
73,332,10231,electronics,paypal,2025-04-11
74,226,25755,clothing,debit_card,2024-06-13
75,59,33839,books,paypal,2024-10-25
76,235,37915,food,paypal,2024-11-11
77,396,4645,books,paypal,2024-12-27
78,810,31704,electronics,debit_card,2024-12-05
79,258,37768,electronics,credit_card,2024-07-01
80,676,4910,books,credit_card,2024-10-10
81,738,18041,electronics,credit_card,2024-08-01
82,785,44620,books,debit_card,2024-10-10
83,279,1608,electronics,paypal,2024-11-06
84,607,14362,books,debit_card,2024-08-10
85,509,23945,clothing,credit_card,2024-09-15
86,823,534,clothing,credit_card,2025-01-08
87,173,28981,clothing,paypal,2025-05-10
88,73,41312,food,credit_card,2025-03-09
89,747,43860,electronics,credit_card,2024-12-11
90,76,13724,clothing,paypal,2024-10-09
91,928,41152,food,debit_card,2024-08-18
92,581,42919,food,debit_card,2025-04-29
93,580,34789,food,credit_card,2025-04-10
94,169,28442,food,debit_card,2025-01-19
95,82,39948,clothing,credit_card,2024-10-05
96,668,26019,electronics,debit_card,2024-11-25
97,713,38299,food,paypal,2024-08-12
98,431,23595,clothing,paypal,2025-01-31
99,964,41850,books,credit_card,2025-03-19
100,618,6509,food,debit_card,2024-12-10
101,193,2523,books,credit_card,2025-01-18
102,128,9985,electronics,credit_card,2025-03-17
103,601,5038,books,credit_card,2024-11-20
104,498,25281,books,debit_card,2024-08-02
105,656,30390,books,debit_card,2025-05-14
106,729,3772,electronics,credit_card,2024-10-14
107,992,37282,food,debit_card,2024-12-12
108,317,36201,food,debit_card,2024-10-24
109,305,38012,food,paypal,2024-09-29
110,946,20784,electronics,debit_card,2025-02-03
111,395,23277,food,paypal,2025-04-30
112,264,22167,electronics,credit_card,2024-10-21
113,251,23634,books,paypal,2025-01-25
114,482,13553,electronics,paypal,2024-11-01
115,999,18351,food,paypal,2025-02-11
116,986,30935,food,credit_card,2025-03-22
117,904,42114,books,credit_card,2024-07-30
118,713,25413,clothing,debit_card,2025-02-01
119,51,46029,books,paypal,2024-09-21
120,737,1021,clothing,debit_card,2024-11-19
121,113,11084,clothing,debit_card,2024-10-18
122,691,14024,food,debit_card,2025-01-17
123,81,21079,books,paypal,2024-07-04
124,871,37173,books,paypal,2024-10-28
125,358,18961,food,paypal,2024-10-07
126,254,20064,books,debit_card,2024-12-19
127,764,15010,books,paypal,2025-01-06
128,805,5283,books,paypal,2025-03-16
129,406,37815,clothing,paypal,2025-01-13
130,854,46747,books,debit_card,2024-07-25
131,462,19183,clothing,paypal,2024-12-30
132,899,27364,books,credit_card,2024-08-21
133,778,44803,clothing,credit_card,2025-01-23
134,49,39383,books,paypal,2024-10-14
135,132,40178,food,paypal,2025-01-26
136,590,44344,books,credit_card,2025-01-10
137,162,7290,electronics,paypal,2024-10-01
138,133,4511,clothing,credit_card,2024-09-14
139,780,3341,food,debit_card,2024-12-14
140,921,34485,books,credit_card,2024-12-22
141,646,47014,food,debit_card,2024-11-26
142,484,38878,clothing,credit_card,2025-04-28
143,251,1165,electronics,debit_card,2024-12-26
144,581,28866,books,debit_card,2025-04-15
145,152,47917,clothing,paypal,2025-04-20
146,843,2294,clothing,paypal,2024-11-16
147,110,9436,electronics,credit_card,2024-09-23
148,342,26287,books,paypal,2024-05-21
149,610,26164,clothing,debit_card,2024-07-23
150,346,41656,food,credit_card,2024-08-06
151,963,28696,electronics,paypal,2024-07-09
152,224,5007,books,paypal,2024-11-14
153,566,20052,clothing,debit_card,2024-05-26
154,336,26488,food,credit_card,2025-04-04
155,75,15102,books,credit_card,2025-02-02
156,304,12530,clothing,debit_card,2025-02-26
157,956,44458,clothing,credit_card,2025-01-10
158,200,20817,food,debit_card,2025-02-13
159,272,27145,clothing,paypal,2025-03-23
160,20,20243,clothing,paypal,2024-09-29
161,732,38474,food,paypal,2024-05-28
162,691,43624,food,paypal,2025-05-03
163,34,36686,books,paypal,2024-05-20
164,919,9731,books,debit_card,2024-07-23
165,983,3784,clothing,paypal,2025-04-02
166,663,43928,food,debit_card,2024-12-22
167,66,31027,books,credit_card,2025-04-28
168,310,14120,books,credit_card,2025-02-27
169,234,35664,books,credit_card,2025-02-23
170,166,37140,books,debit_card,2024-10-29
171,347,12373,food,debit_card,2025-02-25
172,204,13675,clothing,paypal,2025-02-28
173,639,15820,electronics,credit_card,2025-05-09
174,138,22139,food,paypal,2025-03-23
175,221,13896,electronics,credit_card,2025-05-06
176,225,13428,books,debit_card,2024-09-20
177,452,4938,electronics,paypal,2024-10-10
178,803,30403,books,credit_card,2024-10-05
179,877,28475,clothing,debit_card,2024-07-09
180,625,23265,books,credit_card,2025-04-18
181,178,18718,books,credit_card,2025-04-19
182,81,11840,clothing,paypal,2024-07-24
183,570,17428,food,credit_card,2025-01-17
184,30,14707,books,paypal,2025-03-11
185,48,8826,books,debit_card,2025-04-13
186,970,38610,electronics,credit_card,2024-09-27
187,735,11185,clothing,paypal,2025-03-11
188,300,3915,books,credit_card,2024-10-05
189,834,47830,food,debit_card,2024-06-13
190,905,36313,food,paypal,2025-03-26
191,852,31713,food,debit_card,2025-01-04
192,424,7438,clothing,debit_card,2025-04-22
193,396,24077,clothing,paypal,2024-10-04
194,158,44909,food,paypal,2025-03-03
195,348,33647,electronics,credit_card,2025-02-27
196,325,39742,electronics,paypal,2024-05-30
197,352,25749,food,paypal,2024-12-24
198,730,17193,clothing,credit_card,2024-09-11
199,256,41604,clothing,debit_card,2024-07-28
200,788,5500,clothing,credit_card,2025-03-12
201,87,6132,electronics,credit_card,2024-08-19
202,469,34153,electronics,credit_card,2024-05-26
203,355,45612,food,paypal,2024-07-07
204,52,44383,electronics,debit_card,2025-04-22
205,884,32267,books,paypal,2025-04-29
206,818,41740,clothing,paypal,2025-03-01
207,361,7287,books,paypal,2024-11-17
208,183,39702,books,paypal,2025-03-22
209,506,7186,clothing,credit_card,2025-03-06
210,928,32758,food,paypal,2025-01-07
211,256,14938,food,credit_card,2025-02-23
212,22,24139,books,credit_card,2025-03-05
213,116,25120,clothing,debit_card,2024-06-04
214,329,45398,books,paypal,2024-06-21
215,392,13106,clothing,paypal,2025-05-17
216,709,35861,clothing,credit_card,2024-12-20
217,302,20294,food,credit_card,2024-12-12
218,515,34484,food,paypal,2024-07-15
219,595,22165,electronics,debit_card,2024-09-22
220,22,11392,electronics,debit_card,2024-07-07
221,700,25241,books,credit_card,2024-07-08
222,785,21027,clothing,paypal,2024-09-30
223,509,17367,clothing,debit_card,2024-10-11
224,650,43618,clothing,credit_card,2024-07-15
225,759,21244,food,credit_card,2024-12-31
226,190,30145,food,debit_card,2024-12-05
227,814,11673,clothing,debit_card,2024-07-31
228,158,1649,food,credit_card,2024-10-25
229,358,36068,electronics,credit_card,2024-07-12
230,138,2320,books,paypal,2025-02-26
231,155,39331,books,credit_card,2025-04-11
232,331,27403,clothing,credit_card,2025-03-01
233,606,21323,books,paypal,2024-05-24
234,596,26860,clothing,debit_card,2025-01-12
235,475,44302,clothing,paypal,2024-10-20
236,177,41291,books,paypal,2025-02-14
237,44,28776,food,credit_card,2024-11-27
238,680,17487,electronics,paypal,2024-06-09
239,565,22758,electronics,credit_card,2025-02-02
240,742,7510,clothing,paypal,2024-08-15
241,779,3150,electronics,debit_card,2024-07-28
242,548,15209,clothing,credit_card,2024-06-23
243,86,12085,clothing,credit_card,2025-02-18
244,801,5498,books,paypal,2024-12-17
245,524,43933,electronics,paypal,2024-11-08
246,552,10569,food,paypal,2024-10-16
247,549,33235,food,debit_card,2025-05-13
248,107,38697,electronics,paypal,2024-12-01
249,269,36955,electronics,debit_card,2024-12-10
250,313,49657,clothing,paypal,2025-05-17
251,44,25945,clothing,paypal,2024-09-02
252,938,33125,food,paypal,2024-08-22
253,492,16526,books,paypal,2024-12-01
254,795,48783,food,paypal,2024-10-24
255,289,26668,books,paypal,2025-03-18
256,611,29030,clothing,credit_card,2024-12-17
257,675,12315,electronics,paypal,2025-03-06
258,733,29081,clothing,credit_card,2025-04-09
259,198,12494,electronics,debit_card,2024-05-29
260,66,3480,books,credit_card,2024-07-08
261,260,35358,clothing,credit_card,2024-12-24
262,751,32324,electronics,credit_card,2024-09-18
263,884,40804,food,credit_card,2024-10-21
264,603,40438,books,paypal,2024-05-29
265,540,6826,clothing,paypal,2024-05-25
266,204,7767,electronics,credit_card,2025-01-25
267,897,28810,food,debit_card,2025-05-07
268,756,45601,clothing,paypal,2025-05-16
269,64,852,books,credit_card,2025-02-24
270,553,22563,clothing,paypal,2024-10-27
271,194,6815,electronics,debit_card,2024-06-28
272,48,21906,clothing,debit_card,2025-01-12
273,908,35198,clothing,paypal,2024-05-19
274,2,23783,clothing,debit_card,2024-07-06
275,176,43752,electronics,credit_card,2024-09-29
276,408,35495,food,credit_card,2024-09-25
277,775,29083,clothing,credit_card,2025-02-16
278,865,36925,clothing,paypal,2024-07-09
279,915,25755,clothing,credit_card,2024-09-12
280,418,49454,electronics,paypal,2024-11-26
281,651,7974,food,credit_card,2024-10-26
282,466,7365,clothing,debit_card,2024-08-08
283,313,7621,electronics,credit_card,2025-02-09
284,159,44004,clothing,credit_card,2025-01-22
285,735,40396,clothing,credit_card,2024-06-07
286,554,33798,clothing,debit_card,2025-02-11
287,473,48811,electronics,paypal,2024-09-15
288,334,46915,electronics,debit_card,2024-09-13
289,505,25773,electronics,paypal,2025-04-25
290,433,41731,books,paypal,2025-02-21
291,7,42102,electronics,paypal,2025-01-01
292,254,5419,clothing,debit_card,2024-07-11
293,456,27353,electronics,debit_card,2024-09-02
294,712,7752,books,paypal,2024-10-15
295,594,35446,clothing,paypal,2024-05-28
296,307,23433,food,credit_card,2024-06-06
297,18,47436,clothing,paypal,2024-10-29
298,386,24659,food,paypal,2024-11-02
299,783,11694,books,paypal,2025-03-30
300,142,21712,food,credit_card,2024-12-11
301,632,33741,clothing,debit_card,2024-12-02
302,229,39975,books,paypal,2024-10-07
303,644,42211,electronics,debit_card,2024-12-16
304,908,9445,electronics,debit_card,2024-12-31
305,643,31641,clothing,paypal,2024-10-19
306,434,39183,books,credit_card,2024-10-05
307,588,41049,food,debit_card,2025-05-06
308,576,752,food,debit_card,2024-05-31
309,697,33138,books,paypal,2024-11-18
310,703,40988,books,debit_card,2024-12-27
311,78,33861,clothing,paypal,2024-09-01
312,868,20309,electronics,debit_card,2024-09-23
313,249,19438,food,paypal,2024-06-29
314,352,14017,food,paypal,2024-07-24
315,550,35444,electronics,debit_card,2024-12-19
316,796,38791,electronics,debit_card,2024-12-20
317,324,1147,clothing,paypal,2024-06-24
318,528,26353,electronics,debit_card,2025-02-19
319,122,2557,clothing,debit_card,2025-03-07
320,985,30560,electronics,debit_card,2024-10-25
321,297,36733,electronics,credit_card,2024-08-12
322,184,18231,books,debit_card,2024-08-24
323,107,15012,electronics,paypal,2024-08-14
324,587,36908,clothing,paypal,2025-04-26
325,338,32118,books,paypal,2024-08-14
326,565,16029,food,debit_card,2025-03-24
327,567,23282,food,credit_card,2025-05-10
328,153,29799,books,credit_card,2025-04-23
329,1,14449,electronics,paypal,2024-11-22
330,738,26083,food,credit_card,2024-07-18
331,910,39588,books,paypal,2025-02-02
332,18,23924,food,debit_card,2025-03-29
333,572,17608,clothing,debit_card,2024-08-13
334,681,19780,food,debit_card,2024-07-30
335,54,33441,food,paypal,2025-05-08
336,670,8253,food,credit_card,2024-10-17
337,900,42622,electronics,credit_card,2025-03-21
338,647,49659,clothing,debit_card,2024-11-08
339,910,45584,electronics,credit_card,2025-01-19
340,278,19874,books,debit_card,2025-03-11
341,616,39513,electronics,debit_card,2024-09-12
342,281,44098,books,debit_card,2024-08-04
343,925,26771,books,credit_card,2024-12-14
344,963,3030,food,credit_card,2025-03-14
345,120,21707,books,paypal,2024-07-16
346,447,31805,clothing,debit_card,2024-10-12
347,787,12182,clothing,credit_card,2025-03-15
348,624,1018,books,credit_card,2025-01-27
349,955,42128,books,debit_card,2025-05-02
350,265,33196,books,debit_card,2024-10-30
351,311,35967,books,paypal,2024-12-02
352,382,39643,clothing,paypal,2024-10-06
353,335,11688,electronics,credit_card,2024-08-17
354,231,20982,electronics,debit_card,2025-04-06
355,993,9490,books,debit_card,2024-11-20
356,224,7160,clothing,paypal,2024-07-16
357,58,717,clothing,debit_card,2025-03-13
358,675,12613,electronics,credit_card,2024-09-18
359,243,42449,clothing,paypal,2024-09-22
360,507,10792,food,debit_card,2024-08-16
361,658,36254,clothing,paypal,2024-11-21
362,570,21536,books,paypal,2024-12-02
363,176,12358,books,credit_card,2024-06-03
364,862,23193,clothing,paypal,2024-12-08
365,104,27112,electronics,paypal,2024-12-01
366,501,24633,electronics,debit_card,2025-04-13
367,57,22519,electronics,paypal,2024-06-25
368,49,24307,books,paypal,2025-03-31
369,265,29875,food,debit_card,2024-12-31
370,483,15594,books,paypal,2025-01-28
371,366,9750,books,debit_card,2024-08-20
372,750,49216,books,credit_card,2024-09-23
373,122,23857,books,paypal,2024-07-29
374,471,13570,books,debit_card,2024-07-13
375,209,2901,books,credit_card,2024-09-09
376,523,35516,electronics,credit_card,2025-02-07
377,128,35224,clothing,debit_card,2025-04-05
378,895,4998,clothing,credit_card,2024-06-22
379,534,39878,clothing,debit_card,2025-04-28
380,526,31592,clothing,paypal,2025-04-13
381,362,11909,food,paypal,2024-09-16
382,202,1131,books,paypal,2024-10-07
383,189,21207,electronics,debit_card,2025-02-14
384,126,29674,books,debit_card,2024-12-01
385,852,43812,clothing,debit_card,2025-01-22
386,495,34045,electronics,credit_card,2024-08-28
387,579,7537,books,debit_card,2024-05-31
388,490,12820,books,debit_card,2024-11-03
389,509,6242,food,debit_card,2024-11-05
390,956,11155,food,paypal,2025-04-14
391,318,15211,clothing,debit_card,2025-03-09
392,602,40123,books,debit_card,2024-06-29
393,813,28681,books,debit_card,2025-04-21
394,625,39005,electronics,paypal,2025-04-29
395,115,3660,books,debit_card,2025-01-21
396,592,1611,clothing,paypal,2024-05-20
397,349,11229,electronics,paypal,2025-04-04
398,554,39457,food,paypal,2024-08-23
399,298,19340,clothing,paypal,2024-12-18
400,400,18649,books,paypal,2024-06-08
401,630,47960,food,paypal,2024-11-09
402,449,11686,books,debit_card,2024-11-30
403,651,47029,books,paypal,2025-03-14
404,969,34468,electronics,paypal,2025-04-21
405,184,9901,electronics,debit_card,2024-07-23
406,474,48415,electronics,credit_card,2024-12-15
407,542,35918,clothing,paypal,2024-07-10
408,930,30112,electronics,debit_card,2025-05-10
409,949,22006,books,debit_card,2024-11-30
410,831,6980,books,credit_card,2024-10-12
411,509,10977,food,paypal,2025-03-25
412,85,12442,clothing,paypal,2025-05-02
413,215,35113,books,debit_card,2024-08-16
414,117,5868,clothing,paypal,2024-09-08
415,855,35808,electronics,debit_card,2024-11-26
416,591,1244,electronics,paypal,2024-07-05
417,673,47694,clothing,credit_card,2024-10-02
418,480,38320,electronics,debit_card,2024-12-07
419,152,37218,food,debit_card,2024-07-22
420,213,14984,books,credit_card,2024-06-30
421,849,43556,books,paypal,2024-09-01
422,552,49708,electronics,paypal,2024-09-22
423,985,49586,electronics,paypal,2024-12-05
424,200,8792,food,credit_card,2025-03-16
425,125,38227,clothing,paypal,2025-04-07
426,11,16793,clothing,paypal,2024-09-17
427,315,9308,books,debit_card,2025-03-16
428,250,47915,food,credit_card,2024-07-28
429,61,45725,books,paypal,2025-03-27
430,877,33417,electronics,credit_card,2024-12-23
431,336,4497,clothing,debit_card,2025-01-29
432,732,30714,clothing,debit_card,2025-04-12
433,928,22995,food,credit_card,2024-11-04
434,776,26849,clothing,debit_card,2025-04-07
435,223,45733,books,paypal,2024-07-15
436,411,37747,clothing,credit_card,2024-11-18
437,248,41045,electronics,paypal,2025-05-14
438,642,22380,books,debit_card,2025-04-01
439,376,41975,books,debit_card,2024-06-11
440,253,6132,books,debit_card,2024-11-06
441,246,38824,food,paypal,2025-02-11
442,366,23222,electronics,credit_card,2024-11-04
443,298,16628,food,paypal,2024-07-07
444,44,43755,clothing,paypal,2025-01-15
445,483,32360,clothing,debit_card,2025-05-03
446,876,10881,food,paypal,2024-11-05
447,420,807,books,credit_card,2024-12-17
448,182,34659,electronics,debit_card,2025-01-07
449,263,5001,food,credit_card,2025-04-30
450,915,7370,food,debit_card,2024-06-27
451,914,13917,books,paypal,2024-06-26
452,942,20135,food,debit_card,2025-04-26
453,999,24964,electronics,credit_card,2025-02-10
454,686,37214,electronics,credit_card,2024-09-08
455,220,1042,books,credit_card,2024-09-10
456,430,14166,food,credit_card,2024-08-30
457,894,7214,books,paypal,2025-01-05
458,693,18233,food,credit_card,2024-08-20
459,774,38446,clothing,paypal,2024-12-06
460,814,14355,electronics,paypal,2024-10-19
461,589,3442,food,debit_card,2024-10-24
462,267,46058,electronics,paypal,2025-02-18
463,178,33638,books,paypal,2024-08-30
464,466,18169,books,debit_card,2025-03-21
465,877,46828,clothing,debit_card,2024-08-15
466,767,30232,clothing,debit_card,2025-03-15
467,465,17924,clothing,credit_card,2024-06-23
468,992,28340,electronics,credit_card,2024-11-02
469,860,18259,electronics,credit_card,2024-12-12
470,970,14148,electronics,paypal,2024-09-07
471,211,36438,food,debit_card,2024-06-18
472,766,24036,clothing,paypal,2025-01-18
473,220,27022,books,debit_card,2024-09-29
474,15,16954,electronics,credit_card,2025-05-13
475,620,1316,electronics,debit_card,2025-02-08
476,525,42240,food,credit_card,2025-02-11
477,559,8870,food,credit_card,2024-11-20
478,271,11435,electronics,debit_card,2025-04-13
479,671,11666,clothing,credit_card,2024-07-09
480,36,47958,books,debit_card,2024-09-23
481,138,979,books,debit_card,2025-04-14
482,21,4209,food,paypal,2024-07-19
483,859,46647,books,credit_card,2024-08-01
484,221,10956,books,debit_card,2025-01-15
485,861,36599,electronics,credit_card,2024-07-03
486,495,47331,books,credit_card,2024-06-27
487,946,9966,clothing,debit_card,2024-08-12
488,975,31014,electronics,paypal,2024-08-05
489,487,10397,food,debit_card,2024-07-27
490,417,13914,clothing,credit_card,2024-11-07
491,81,33006,books,credit_card,2025-02-12
492,297,1416,books,paypal,2024-06-21
493,690,14523,clothing,debit_card,2025-03-27
494,111,35468,electronics,credit_card,2025-02-08
495,313,25572,food,credit_card,2024-05-30
496,391,14597,electronics,debit_card,2025-05-11
497,153,36292,food,debit_card,2024-05-27
498,669,11630,electronics,credit_card,2025-04-30
499,33,39464,books,credit_card,2024-10-29
500,915,27638,clothing,credit_card,2024-07-29
501,370,13383,food,paypal,2024-07-23
502,32,1153,books,debit_card,2024-09-16
503,620,21012,electronics,credit_card,2025-03-29
504,507,16451,clothing,debit_card,2024-08-02
505,989,1307,electronics,debit_card,2025-01-27
506,631,30743,electronics,credit_card,2025-04-30
507,671,30087,clothing,credit_card,2025-03-31
508,112,13882,food,paypal,2025-04-26
509,762,33878,food,credit_card,2024-06-16
510,400,32980,clothing,credit_card,2025-03-17
511,26,17138,books,paypal,2024-12-25
512,762,27206,electronics,debit_card,2025-03-22
513,584,11456,electronics,debit_card,2025-05-14
514,466,17331,books,credit_card,2024-10-21
515,56,9983,clothing,debit_card,2024-12-18
516,878,9134,clothing,debit_card,2025-03-05
517,96,42963,food,credit_card,2025-03-05
518,351,12367,clothing,paypal,2024-12-30
519,774,5892,clothing,paypal,2024-06-11
520,748,1615,books,debit_card,2024-10-01
521,817,31594,clothing,debit_card,2024-07-06
522,24,14147,clothing,debit_card,2024-06-23
523,641,23642,books,credit_card,2025-01-22
524,946,9055,food,debit_card,2025-04-07
525,668,31014,books,paypal,2024-08-05
526,25,44876,clothing,debit_card,2024-11-22
527,848,45853,books,paypal,2024-08-14
528,360,7836,food,credit_card,2025-03-11
529,109,7466,electronics,debit_card,2024-08-16
530,596,6458,clothing,debit_card,2024-08-14
531,902,27016,books,paypal,2024-07-11
532,822,35618,food,debit_card,2024-09-14
533,570,28546,food,credit_card,2025-01-28
534,475,25362,electronics,credit_card,2024-09-03
535,539,18144,books,debit_card,2025-01-05
536,25,34000,clothing,debit_card,2024-06-15
537,571,6304,electronics,paypal,2025-05-01
538,503,19608,clothing,credit_card,2024-10-06
539,308,3358,electronics,debit_card,2024-07-29
540,755,48085,clothing,debit_card,2024-07-10
541,986,48365,clothing,credit_card,2024-12-02
542,236,18758,books,paypal,2024-10-06
543,277,29928,electronics,paypal,2025-02-26
544,121,15180,food,debit_card,2024-12-28
545,443,12787,clothing,paypal,2025-05-13
546,173,4820,clothing,credit_card,2024-09-08
547,703,49163,clothing,credit_card,2024-11-15
548,925,22051,electronics,credit_card,2025-01-26
549,3,4495,electronics,credit_card,2024-08-10
550,532,25200,clothing,debit_card,2024-10-23
551,465,16180,electronics,paypal,2025-05-15
552,4,34326,electronics,credit_card,2025-01-08
553,122,27120,electronics,credit_card,2024-07-25
554,978,6551,food,paypal,2024-06-30
555,156,15907,clothing,paypal,2024-09-06
556,207,30433,food,paypal,2024-07-05
557,46,25941,electronics,paypal,2024-11-26
558,308,36107,electronics,paypal,2024-10-12
559,492,17409,food,credit_card,2025-04-27
560,52,2011,books,paypal,2025-01-25
561,256,28979,electronics,credit_card,2025-01-12
562,976,29707,electronics,credit_card,2024-08-23
563,904,6081,books,credit_card,2024-06-12
564,619,36891,books,paypal,2025-01-05
565,338,33349,clothing,paypal,2024-12-10
566,154,1690,clothing,paypal,2025-01-04
567,825,44063,electronics,credit_card,2024-11-13
568,209,21729,clothing,debit_card,2024-10-18
569,421,2464,food,debit_card,2024-11-06
570,967,38167,books,debit_card,2024-07-24
571,912,46640,books,debit_card,2024-10-08
572,453,10217,electronics,credit_card,2025-04-18
573,564,9540,books,paypal,2025-05-09
574,830,9627,electronics,paypal,2024-08-31
575,156,9529,clothing,paypal,2024-10-01
576,611,19438,electronics,credit_card,2024-10-29
577,145,2707,books,paypal,2025-04-12
578,509,17675,books,credit_card,2024-09-20
579,233,23995,clothing,debit_card,2024-12-09
580,164,15066,books,debit_card,2025-05-09
581,9,19810,electronics,credit_card,2024-07-04
582,97,37201,clothing,paypal,2024-05-23
583,340,7524,electronics,paypal,2024-10-15
584,961,5051,clothing,paypal,2024-12-01
585,355,37492,electronics,debit_card,2024-06-11
586,888,26555,electronics,credit_card,2025-04-16
587,476,39927,clothing,credit_card,2025-04-19
588,271,28449,food,credit_card,2025-04-20
589,88,8874,clothing,paypal,2025-03-05
590,470,6179,electronics,credit_card,2025-02-17
591,206,8833,food,credit_card,2024-11-19
592,92,8698,electronics,paypal,2025-01-02
593,970,35388,books,credit_card,2024-09-05
594,754,28640,food,debit_card,2025-01-23
595,979,48374,books,debit_card,2024-11-03
596,743,3514,books,paypal,2025-02-16
597,916,9958,food,debit_card,2025-01-25
598,873,42050,books,debit_card,2025-05-05
599,110,41265,electronics,debit_card,2025-01-16
600,8,24482,food,paypal,2024-07-01
601,210,48465,books,debit_card,2025-03-02
602,266,15892,books,paypal,2024-10-14
603,86,32689,food,paypal,2025-02-20
604,168,21330,electronics,paypal,2024-06-04
605,130,30571,clothing,debit_card,2024-09-28
606,4,33883,food,debit_card,2024-05-22
607,829,25890,books,paypal,2024-10-25
608,976,10503,clothing,debit_card,2025-04-08
609,980,41224,food,debit_card,2024-08-11
610,453,33965,books,paypal,2024-12-18
611,485,31110,electronics,paypal,2025-02-25
612,593,4438,clothing,debit_card,2025-05-10
613,38,27552,electronics,paypal,2024-12-13
614,513,37568,food,debit_card,2025-03-04
615,129,15920,books,debit_card,2025-01-30
616,315,4015,books,paypal,2024-10-15
617,900,48925,food,paypal,2025-02-28
618,971,7739,clothing,credit_card,2024-11-26
619,810,42259,food,debit_card,2024-07-12
620,756,49731,books,credit_card,2024-11-16
621,263,38172,clothing,credit_card,2024-10-25
622,676,45782,books,debit_card,2024-06-22
623,839,6263,electronics,credit_card,2024-06-08
624,728,40638,food,credit_card,2024-08-11
625,564,5763,clothing,debit_card,2025-01-10
626,3,44323,food,credit_card,2024-12-11
627,231,22609,books,paypal,2024-09-02
628,826,12215,electronics,paypal,2024-08-26
629,284,38949,food,paypal,2025-05-06
630,415,27052,books,credit_card,2024-11-21
631,868,6944,electronics,credit_card,2025-02-13
632,94,11051,books,debit_card,2025-02-06
633,673,49635,books,credit_card,2025-02-11
634,254,2420,electronics,paypal,2024-10-24
635,53,20878,food,credit_card,2025-01-15
636,509,9824,electronics,paypal,2024-06-23
637,894,33611,food,credit_card,2025-04-18
638,208,11192,electronics,paypal,2025-02-03
639,108,39472,food,paypal,2024-07-18
640,638,40109,electronics,credit_card,2025-04-02
641,827,18589,electronics,credit_card,2025-01-30
642,305,31619,electronics,credit_card,2025-03-24
643,769,45710,food,paypal,2025-03-28
644,604,31081,food,credit_card,2025-03-25
645,906,41810,food,credit_card,2024-11-17
646,701,47377,electronics,paypal,2024-08-31
647,265,6956,books,paypal,2024-09-21
648,842,34833,books,debit_card,2025-05-13
649,644,8395,electronics,credit_card,2024-10-05
650,349,15144,books,paypal,2025-02-22
651,724,8323,electronics,debit_card,2025-02-21
652,572,35134,food,paypal,2025-05-16
653,483,9517,food,paypal,2025-04-19
654,733,15356,food,credit_card,2024-10-17
655,109,28467,electronics,paypal,2024-05-29
656,525,7778,food,credit_card,2025-03-12
657,916,13790,food,debit_card,2024-09-13
658,503,8404,clothing,debit_card,2024-11-25
659,858,15356,electronics,debit_card,2024-10-15
660,574,7449,electronics,credit_card,2024-12-22
661,561,1478,books,debit_card,2024-09-21
662,888,33300,electronics,credit_card,2025-02-20
663,667,17335,books,credit_card,2025-03-09
664,219,26403,clothing,credit_card,2025-03-16
665,401,38843,electronics,debit_card,2024-07-13
666,685,25562,books,debit_card,2025-01-05
667,408,44171,food,credit_card,2024-10-30
668,821,29498,books,credit_card,2024-10-06
669,635,45725,electronics,credit_card,2024-07-26
670,871,24399,clothing,credit_card,2024-12-04
671,57,48721,electronics,debit_card,2024-12-16
672,844,10015,food,credit_card,2025-05-15
673,492,1132,clothing,credit_card,2024-11-12
674,48,43018,books,credit_card,2024-12-24
675,869,14385,electronics,paypal,2024-08-15
676,887,15057,clothing,debit_card,2024-08-13
677,876,19691,electronics,credit_card,2025-05-05
678,11,20254,electronics,paypal,2024-10-12
679,616,5388,electronics,debit_card,2025-01-20
680,48,10157,electronics,debit_card,2025-04-11
681,387,31712,books,paypal,2024-08-09
682,398,46262,books,debit_card,2025-01-12
683,237,44261,books,credit_card,2024-12-10
684,564,6445,electronics,credit_card,2024-12-02
685,18,8265,books,debit_card,2024-10-14
686,266,10688,food,paypal,2024-07-22
687,807,28319,electronics,debit_card,2024-09-18
688,253,36663,books,debit_card,2025-03-22
689,141,36283,electronics,debit_card,2024-09-07
690,338,6954,clothing,credit_card,2024-07-18
691,382,37382,food,paypal,2025-03-28
692,350,24242,books,credit_card,2024-11-06
693,875,42409,electronics,paypal,2024-07-15
694,473,11036,clothing,paypal,2024-11-02
695,20,10560,books,debit_card,2024-10-07
696,777,48875,books,debit_card,2024-10-13
697,792,30815,food,credit_card,2025-04-29
698,367,4737,food,credit_card,2025-05-04
699,472,13841,electronics,paypal,2024-09-22
700,126,24201,food,debit_card,2024-06-18
701,493,35336,clothing,debit_card,2024-06-11
702,741,4510,clothing,credit_card,2024-09-10
703,326,20612,clothing,paypal,2025-05-09
704,795,12670,food,debit_card,2025-04-10
705,861,20273,books,paypal,2024-09-24
706,688,12366,food,credit_card,2025-02-24
707,577,11821,books,debit_card,2024-10-28
708,702,35108,food,credit_card,2024-09-29
709,191,36872,books,credit_card,2024-09-30
710,427,28589,books,credit_card,2025-05-12
711,457,43275,food,paypal,2025-02-01
712,148,31841,electronics,paypal,2025-02-01
713,966,22668,clothing,paypal,2024-08-10
714,991,26772,food,debit_card,2024-05-28
715,142,23970,clothing,credit_card,2024-08-20
716,442,47819,food,paypal,2025-04-21
717,417,44528,electronics,debit_card,2024-08-26
718,941,34796,food,paypal,2024-06-04
719,240,12058,electronics,paypal,2024-11-27
720,799,24782,clothing,debit_card,2025-05-14
721,356,2164,clothing,debit_card,2025-02-04
722,592,27901,electronics,debit_card,2024-07-16
723,875,29950,food,debit_card,2025-05-13
724,322,13073,books,debit_card,2024-09-29
725,60,48783,food,paypal,2024-07-17
726,903,30867,food,paypal,2024-11-25
727,353,17191,clothing,debit_card,2025-04-08
728,601,46667,electronics,credit_card,2024-08-21
729,266,10144,clothing,debit_card,2025-01-30
730,881,26874,clothing,debit_card,2025-02-01
731,185,4408,clothing,credit_card,2024-06-22
732,151,32097,electronics,credit_card,2025-04-09
733,856,30960,books,paypal,2024-09-09
734,437,40263,electronics,debit_card,2025-03-24
735,434,11272,electronics,debit_card,2025-02-26
736,632,36098,books,credit_card,2024-12-21
737,275,36707,food,paypal,2024-08-07
738,239,2622,books,credit_card,2025-03-25
739,856,28341,electronics,credit_card,2024-07-22
740,878,12242,clothing,credit_card,2025-02-14
741,765,27580,electronics,credit_card,2025-01-01
742,189,44973,food,debit_card,2024-09-06
743,849,5574,electronics,debit_card,2024-08-11
744,26,5182,food,debit_card,2025-05-08
745,944,14658,electronics,debit_card,2025-02-07
746,457,3078,books,paypal,2025-05-12
747,964,2656,books,paypal,2025-02-05
748,214,12607,food,debit_card,2025-02-13
749,260,18827,food,paypal,2025-01-23
750,874,7914,food,credit_card,2024-08-02
751,286,29571,food,credit_card,2024-08-06
752,6,35884,clothing,paypal,2025-05-01
753,760,26563,books,debit_card,2025-04-16
754,161,23424,books,credit_card,2024-05-25
755,619,14851,clothing,credit_card,2024-09-23
756,718,10854,food,credit_card,2024-08-14
757,882,6202,clothing,paypal,2025-03-18
758,842,25902,clothing,debit_card,2024-06-18
759,49,20060,food,credit_card,2025-03-14
760,851,28709,food,debit_card,2024-10-27
761,662,22200,clothing,debit_card,2025-02-21
762,567,42739,books,debit_card,2025-02-01
763,603,32563,books,paypal,2024-07-01
764,601,24986,electronics,debit_card,2025-05-17
765,518,36291,food,debit_card,2025-05-16
766,429,49532,food,debit_card,2024-10-18
767,867,1922,clothing,credit_card,2024-08-11
768,11,44088,electronics,paypal,2025-02-19
769,610,3544,clothing,credit_card,2025-04-08
770,926,24840,books,credit_card,2024-07-04
771,34,18816,books,paypal,2024-07-28
772,936,2767,clothing,credit_card,2025-02-26
773,357,13110,clothing,credit_card,2025-02-18
774,7,11495,clothing,debit_card,2025-04-13
775,42,10590,books,paypal,2024-11-29
776,353,4391,electronics,paypal,2025-01-22
777,346,19091,books,paypal,2024-06-02
778,920,2688,clothing,debit_card,2024-07-24
779,517,36832,books,paypal,2025-01-31
780,639,13190,clothing,credit_card,2025-02-23
781,302,16640,food,credit_card,2024-07-18
782,437,9167,electronics,paypal,2025-05-04
783,356,37483,clothing,credit_card,2025-03-14
784,852,18159,books,credit_card,2025-02-24
785,901,38496,electronics,debit_card,2024-11-28
786,770,39719,food,debit_card,2024-07-08
787,616,40790,clothing,credit_card,2025-03-18
788,147,16407,food,debit_card,2025-02-05
789,78,32030,food,debit_card,2024-07-20
790,381,18709,clothing,credit_card,2025-05-10
791,394,12444,books,paypal,2025-03-31
792,580,13813,food,debit_card,2024-07-03
793,816,6908,clothing,credit_card,2024-10-27
794,458,5481,clothing,credit_card,2024-09-13
795,382,15712,food,credit_card,2024-10-13
796,876,18461,food,debit_card,2025-03-01
797,684,33837,food,debit_card,2024-11-02
798,106,9797,electronics,paypal,2024-10-12
799,124,29897,clothing,credit_card,2025-05-15
800,585,39368,clothing,paypal,2024-08-18
801,925,18101,books,credit_card,2024-12-30
802,63,13020,clothing,paypal,2025-03-24
803,65,23688,clothing,debit_card,2024-11-17
804,11,21327,electronics,debit_card,2025-01-30
805,738,9647,electronics,paypal,2024-06-24
806,108,20128,clothing,paypal,2025-04-22
807,530,29441,food,paypal,2024-09-23
808,654,9652,books,debit_card,2024-07-12
809,998,8813,books,paypal,2025-01-09
810,881,9104,clothing,credit_card,2024-09-03
811,559,15983,books,paypal,2024-06-06
812,330,46402,electronics,paypal,2025-02-14
813,754,986,books,paypal,2024-09-12
814,505,3216,food,debit_card,2024-06-27
815,392,38155,clothing,credit_card,2025-01-17
816,776,11651,food,debit_card,2025-03-30
817,367,40969,electronics,credit_card,2024-11-24
818,479,47450,books,debit_card,2024-12-28
819,59,34563,books,paypal,2024-09-02
820,805,24045,clothing,paypal,2024-08-13
821,176,21513,food,paypal,2024-09-15
822,139,27011,clothing,credit_card,2024-08-30
823,273,26576,food,credit_card,2024-06-14
824,599,11528,books,debit_card,2025-01-27
825,883,42288,books,paypal,2024-11-07
826,83,38878,food,credit_card,2024-08-06
827,163,11812,clothing,debit_card,2025-05-13
828,774,7465,clothing,debit_card,2024-06-12
829,957,42156,food,credit_card,2024-12-15
830,458,11778,food,credit_card,2024-07-20
831,779,17011,clothing,paypal,2025-05-11
832,93,11610,clothing,credit_card,2024-12-28
833,90,19339,clothing,paypal,2025-05-12
834,807,1381,food,debit_card,2025-02-19
835,852,45957,food,credit_card,2025-03-10
836,420,26616,electronics,debit_card,2024-11-23
837,848,3948,books,debit_card,2025-02-07
838,190,4874,food,debit_card,2024-06-20
839,41,1729,clothing,paypal,2025-04-09
840,52,48821,electronics,paypal,2025-01-25
841,252,24796,clothing,paypal,2024-07-04
842,182,9312,clothing,debit_card,2024-09-22
843,96,6191,clothing,debit_card,2025-05-15
844,712,3565,food,credit_card,2024-08-20
845,148,30738,food,paypal,2025-04-28
846,329,26712,books,debit_card,2025-03-22
847,946,45397,food,credit_card,2024-09-17
848,1000,29068,clothing,debit_card,2024-12-24
849,224,46946,books,credit_card,2025-05-10
850,587,21836,clothing,debit_card,2025-02-18
851,205,18284,food,credit_card,2024-10-02
852,846,28392,clothing,credit_card,2024-06-07
853,114,13973,clothing,debit_card,2025-03-20
854,13,42634,books,debit_card,2024-05-18
855,96,29026,books,credit_card,2025-02-04
856,733,6997,food,debit_card,2024-12-27
857,922,19355,electronics,paypal,2025-02-06
858,471,12209,food,debit_card,2024-06-14
859,917,25951,books,debit_card,2024-10-14
860,916,49786,electronics,debit_card,2024-05-28
861,214,16950,books,credit_card,2024-07-02
862,999,3449,books,debit_card,2025-04-12
863,485,21982,books,credit_card,2024-08-29
864,564,29426,electronics,credit_card,2024-09-06
865,635,40837,clothing,credit_card,2024-12-15
866,715,12476,electronics,credit_card,2024-12-22
867,574,14865,food,debit_card,2025-01-01
868,791,18019,electronics,debit_card,2025-02-20
869,225,18107,books,debit_card,2024-11-27
870,816,13369,food,paypal,2025-01-07
871,460,37873,electronics,credit_card,2024-11-15
872,896,19729,books,paypal,2025-01-22
873,388,9466,food,paypal,2024-07-31
874,43,18907,food,credit_card,2025-02-05
875,529,28934,books,credit_card,2024-06-17
876,13,710,books,credit_card,2024-09-03
877,896,22599,books,debit_card,2024-12-31
878,179,6488,food,paypal,2024-12-26
879,241,21555,electronics,credit_card,2024-07-24
880,800,14942,food,paypal,2025-04-08
881,269,44537,food,credit_card,2024-12-12
882,501,42937,food,paypal,2025-03-30
883,301,15057,food,paypal,2024-08-23
884,269,18575,clothing,debit_card,2025-04-21
885,406,48193,food,credit_card,2024-08-13
886,771,30081,books,debit_card,2025-01-06
887,918,27638,food,credit_card,2024-06-04
888,898,25908,clothing,debit_card,2024-08-07
889,947,4900,books,paypal,2024-12-16
890,904,45982,electronics,paypal,2024-11-08
891,837,34416,electronics,credit_card,2025-03-02
892,464,31654,clothing,paypal,2025-03-22
893,12,34383,books,debit_card,2025-04-27
894,715,30281,food,credit_card,2024-12-20
895,1000,15978,books,debit_card,2024-10-10
896,35,22615,electronics,credit_card,2024-05-21
897,254,29611,books,debit_card,2024-07-18
898,522,16598,clothing,credit_card,2024-10-27
899,495,42745,food,paypal,2025-01-29
900,23,27012,food,paypal,2025-03-17
901,562,9389,clothing,paypal,2025-02-13
902,431,27390,food,paypal,2024-06-23
903,288,5826,electronics,paypal,2024-09-28
904,521,42904,food,debit_card,2025-01-26
905,515,22093,electronics,debit_card,2024-09-18
906,770,13951,food,credit_card,2024-12-13
907,697,11586,food,debit_card,2025-05-05
908,760,21138,books,credit_card,2024-06-08
909,653,20336,clothing,credit_card,2025-03-18
910,712,30345,electronics,debit_card,2024-06-20
911,878,37267,food,paypal,2025-04-08
912,559,26810,food,credit_card,2024-10-21
913,401,13996,clothing,credit_card,2025-04-12
914,412,11173,electronics,debit_card,2025-02-08
915,967,38525,clothing,paypal,2024-07-06
916,83,44599,clothing,debit_card,2025-03-17
917,576,10587,food,paypal,2024-12-03
918,989,13874,clothing,debit_card,2025-04-01
919,469,48835,electronics,paypal,2024-10-13
920,843,20682,books,credit_card,2024-10-22
921,602,19632,clothing,credit_card,2025-02-01
922,736,46077,clothing,credit_card,2024-06-06
923,790,16058,books,debit_card,2024-05-31
924,656,39920,electronics,credit_card,2024-12-24
925,368,37565,food,debit_card,2025-05-04
926,390,39743,clothing,credit_card,2024-07-06
927,349,35798,food,credit_card,2025-05-16
928,377,17438,clothing,debit_card,2025-01-19
929,575,34095,books,paypal,2025-01-12
930,832,4058,clothing,paypal,2024-06-04
931,842,49021,electronics,debit_card,2024-08-15
932,115,27650,food,paypal,2025-05-15
933,396,42050,food,paypal,2024-12-30
934,680,15035,electronics,debit_card,2024-06-21
935,541,38504,electronics,credit_card,2024-11-04
936,667,17054,clothing,paypal,2024-08-29
937,96,22033,electronics,credit_card,2024-09-30
938,794,3539,electronics,debit_card,2025-04-20
939,960,39761,clothing,debit_card,2024-06-29
940,306,3287,food,credit_card,2025-02-02
941,32,34131,electronics,paypal,2024-06-24
942,920,4798,food,credit_card,2024-10-24
943,154,35148,clothing,paypal,2024-10-17
944,564,11893,books,debit_card,2024-08-21
945,335,49800,electronics,paypal,2025-05-08
946,469,10153,books,paypal,2025-02-12
947,657,42891,food,paypal,2024-12-27
948,91,5432,food,paypal,2025-05-16
949,434,39319,electronics,paypal,2024-07-14
950,906,25723,electronics,credit_card,2024-09-18
951,416,26184,clothing,credit_card,2024-08-05
952,34,35259,clothing,credit_card,2025-01-15
953,640,8367,food,credit_card,2024-06-26
954,776,11983,food,credit_card,2024-06-07
955,923,17838,books,debit_card,2025-01-26
956,334,39484,food,paypal,2024-06-18
957,189,42569,books,debit_card,2024-08-23
958,697,32255,electronics,credit_card,2025-02-15
959,12,48720,books,paypal,2024-06-15
960,147,20046,clothing,paypal,2024-11-07
961,221,27227,electronics,paypal,2025-04-01
962,962,10737,clothing,debit_card,2024-11-12
963,255,1086,clothing,paypal,2025-01-01
964,584,30079,food,paypal,2025-04-17
965,256,40479,food,paypal,2024-09-30
966,1,9141,books,credit_card,2024-11-06
967,326,9213,books,credit_card,2024-11-18
968,364,15069,food,debit_card,2024-09-03
969,772,5687,food,debit_card,2024-12-26
970,696,1566,clothing,debit_card,2024-05-23
971,279,33924,clothing,credit_card,2024-11-18
972,896,47479,food,debit_card,2025-01-10
973,531,24711,books,paypal,2024-10-25
974,421,10479,clothing,credit_card,2025-01-19
975,439,3019,food,debit_card,2024-09-22
976,619,41455,food,debit_card,2024-07-22
977,76,8976,books,paypal,2024-12-10
978,581,32258,clothing,credit_card,2025-04-22
979,975,17314,clothing,paypal,2024-08-22
980,397,12592,clothing,debit_card,2024-08-02
981,635,8941,electronics,debit_card,2024-10-16
982,408,5262,food,paypal,2024-07-23
983,418,12094,clothing,debit_card,2024-11-05
984,625,39166,clothing,paypal,2024-07-13
985,811,48604,clothing,credit_card,2024-12-04
986,770,36731,food,debit_card,2024-08-06
987,528,30908,food,debit_card,2024-07-09
988,192,24890,food,credit_card,2024-12-14
989,125,16691,books,paypal,2025-02-18
990,51,34792,books,paypal,2025-01-11
991,98,21954,clothing,paypal,2024-08-20
992,764,12925,electronics,credit_card,2025-03-14
993,413,1145,electronics,credit_card,2025-04-13
994,297,19996,electronics,paypal,2024-06-14
995,716,31066,food,credit_card,2024-07-06
996,742,49454,electronics,debit_card,2024-06-18
997,678,15365,electronics,debit_card,2024-08-02
998,73,14768,books,credit_card,2025-05-09
999,210,34354,food,debit_card,2025-03-01
1000,923,42152,food,credit_card,2025-05-01
1001,606,40666,food,paypal,2024-12-01
1002,853,44498,food,debit_card,2025-02-25
1003,761,44220,clothing,debit_card,2025-05-12
1004,338,41203,clothing,credit_card,2024-08-25
1005,188,15804,books,credit_card,2025-05-02
1006,584,32250,food,debit_card,2024-07-10
1007,966,7204,books,paypal,2024-07-04
1008,411,8698,electronics,paypal,2024-11-09
1009,412,35492,clothing,credit_card,2025-04-04
1010,486,43680,books,credit_card,2024-06-30
1011,958,682,food,paypal,2024-10-20
1012,419,7086,food,paypal,2024-11-28
1013,492,10522,books,credit_card,2024-12-10
1014,254,20642,food,debit_card,2025-03-17
1015,728,11206,books,credit_card,2025-04-10
1016,673,13225,food,paypal,2024-07-05
1017,324,27022,electronics,credit_card,2025-04-21
1018,509,32625,food,credit_card,2024-06-23
1019,174,5302,food,debit_card,2025-04-16
1020,232,27962,electronics,paypal,2024-06-12
1021,184,3448,clothing,paypal,2024-11-28
1022,854,41264,electronics,paypal,2025-02-05
1023,529,32237,clothing,credit_card,2024-09-24
1024,42,12943,books,paypal,2025-02-12
1025,830,19762,books,debit_card,2024-09-30
1026,294,36541,electronics,debit_card,2024-09-07
1027,442,2182,food,paypal,2024-08-17
1028,426,8932,clothing,debit_card,2025-04-14
1029,946,836,food,debit_card,2024-12-04
1030,79,40365,electronics,debit_card,2024-06-29
1031,35,45592,books,credit_card,2024-09-12
1032,712,16156,clothing,paypal,2024-07-18
1033,356,5641,books,debit_card,2024-11-02
1034,198,17263,electronics,paypal,2025-04-10
1035,572,23700,electronics,debit_card,2024-11-21
1036,558,49126,electronics,paypal,2025-03-30
1037,329,30115,books,debit_card,2024-07-04
1038,402,44348,books,credit_card,2024-07-13
1039,683,8165,food,credit_card,2024-06-20
1040,504,31485,electronics,credit_card,2024-12-23
1041,12,39024,clothing,credit_card,2024-12-09
1042,327,20931,electronics,paypal,2024-12-27
1043,19,16795,clothing,credit_card,2025-04-06
1044,824,35865,electronics,paypal,2025-01-30
1045,603,25575,food,credit_card,2025-04-27
1046,245,34168,books,paypal,2024-08-07
1047,409,45358,books,paypal,2024-05-27
1048,762,1878,food,paypal,2024-08-14
1049,13,10432,food,debit_card,2025-02-26
1050,623,46231,books,credit_card,2024-11-03
1051,290,45854,food,paypal,2024-07-14
1052,212,13851,clothing,debit_card,2024-10-16
1053,136,13612,electronics,credit_card,2024-07-12
1054,480,20159,books,credit_card,2024-09-02
1055,930,33741,electronics,debit_card,2024-09-10
1056,44,33634,food,credit_card,2024-07-16
1057,173,3188,electronics,paypal,2024-05-24
1058,630,6572,books,credit_card,2025-04-07
1059,95,13587,clothing,debit_card,2024-11-05
1060,103,6807,books,paypal,2024-12-27
1061,567,22684,electronics,debit_card,2025-02-23
1062,820,26671,clothing,credit_card,2024-06-15
1063,123,7803,food,credit_card,2024-12-17
1064,466,45309,clothing,credit_card,2025-05-08
1065,322,15303,food,paypal,2025-05-14
1066,488,31787,books,debit_card,2024-05-18
1067,286,19916,food,paypal,2024-05-25
1068,982,4216,clothing,paypal,2025-02-06
1069,82,29584,electronics,debit_card,2024-10-30
1070,764,5312,books,paypal,2025-01-13
1071,591,18345,food,debit_card,2024-10-31
1072,418,9168,food,credit_card,2025-01-10
1073,335,46579,food,credit_card,2024-11-12
1074,238,1391,clothing,paypal,2024-11-02
1075,76,48987,books,credit_card,2025-03-12
1076,383,32361,food,credit_card,2025-01-27
1077,929,25945,food,credit_card,2024-11-29
1078,951,3896,food,credit_card,2025-04-26
1079,406,26439,clothing,debit_card,2025-05-13
1080,380,3384,clothing,paypal,2024-08-19
1081,909,42513,electronics,paypal,2024-06-27
1082,440,17931,electronics,paypal,2024-08-11
1083,602,8409,electronics,credit_card,2024-07-21
1084,45,39321,electronics,credit_card,2025-04-17
1085,825,49047,clothing,paypal,2025-05-03
1086,147,24409,clothing,credit_card,2024-07-10
1087,269,22714,clothing,paypal,2025-02-04
1088,786,30651,books,paypal,2024-09-20
1089,713,39654,books,credit_card,2025-03-21
1090,589,43050,clothing,debit_card,2025-04-26
1091,51,41347,food,credit_card,2025-03-10
1092,884,30873,books,debit_card,2024-12-17
1093,678,21581,books,debit_card,2024-06-29
1094,605,9482,electronics,debit_card,2024-12-22
1095,766,36992,books,paypal,2024-12-22
1096,948,22086,clothing,paypal,2025-04-01
1097,128,37032,electronics,paypal,2024-08-03
1098,124,47578,food,debit_card,2024-06-29
1099,359,35194,clothing,debit_card,2024-12-24
1100,781,22138,food,debit_card,2025-02-26
1101,888,11501,books,credit_card,2025-03-15
1102,506,40904,food,credit_card,2024-12-07
1103,717,27199,food,credit_card,2025-01-17
1104,993,27264,electronics,debit_card,2025-03-07
1105,318,36004,food,credit_card,2024-09-30
1106,11,19920,food,paypal,2025-02-28
1107,776,28129,food,credit_card,2025-03-11
1108,202,23655,electronics,debit_card,2024-09-01
1109,374,2280,electronics,debit_card,2025-02-05
1110,698,786,electronics,debit_card,2025-01-20
1111,696,48068,electronics,debit_card,2024-09-05
1112,829,6653,books,debit_card,2025-04-20
1113,356,35008,food,paypal,2025-04-16
1114,383,8950,clothing,debit_card,2024-12-14
1115,77,14209,clothing,paypal,2024-12-01
1116,315,29489,books,credit_card,2024-05-19
1117,385,17815,books,credit_card,2025-03-29
1118,697,21463,food,paypal,2025-04-20
1119,327,47861,food,credit_card,2024-07-28
1120,956,48691,electronics,paypal,2024-08-22
1121,653,38221,food,debit_card,2024-12-15
1122,868,47587,food,paypal,2025-01-28
1123,440,22133,food,credit_card,2024-08-07
1124,241,13266,books,paypal,2024-07-11
1125,507,17791,food,debit_card,2024-08-10
1126,978,953,books,paypal,2024-09-20
1127,51,12672,clothing,paypal,2024-05-27
1128,490,31567,electronics,paypal,2025-01-02
1129,251,891,electronics,paypal,2025-02-11
1130,168,2173,books,debit_card,2024-09-09
1131,248,14722,clothing,credit_card,2024-05-29
1132,724,40064,food,credit_card,2024-06-02
1133,137,14284,food,debit_card,2025-01-05
1134,41,12692,clothing,debit_card,2025-01-15
1135,782,11239,food,debit_card,2024-11-06
1136,633,39411,clothing,debit_card,2025-02-22
1137,450,31524,clothing,paypal,2024-05-19
1138,164,15169,books,paypal,2025-03-06
1139,48,9456,clothing,paypal,2025-02-13
1140,23,38198,electronics,debit_card,2024-05-30
1141,1,4776,food,paypal,2025-02-10
1142,234,11981,books,debit_card,2025-03-08
1143,218,19959,food,paypal,2025-04-11
1144,620,39231,clothing,paypal,2025-05-13
1145,819,44583,food,debit_card,2024-12-04
1146,883,6011,books,debit_card,2024-05-29
1147,351,8812,food,credit_card,2024-10-03
1148,332,29101,electronics,credit_card,2024-08-08
1149,983,14992,electronics,credit_card,2025-05-16
1150,734,26278,books,credit_card,2025-01-28
1151,690,10640,clothing,debit_card,2024-07-01
1152,743,10366,clothing,debit_card,2024-09-29
1153,479,31096,clothing,credit_card,2025-04-09
1154,425,48077,electronics,debit_card,2024-10-24
1155,951,20078,food,credit_card,2024-10-03
1156,4,14087,books,credit_card,2025-01-16
1157,388,2764,books,paypal,2024-12-08
1158,174,41388,books,credit_card,2024-06-29
1159,295,6058,electronics,paypal,2024-09-17
1160,811,46903,books,paypal,2025-04-20
1161,136,33009,books,credit_card,2024-06-06
1162,664,28964,food,debit_card,2024-08-31
1163,172,28551,food,debit_card,2025-03-08
1164,381,37801,electronics,debit_card,2025-02-25
1165,15,3122,clothing,paypal,2024-10-22
1166,196,33815,books,paypal,2024-10-23
1167,905,17694,food,paypal,2025-04-11
1168,290,38096,food,debit_card,2024-12-07
1169,610,32330,clothing,credit_card,2024-08-23
1170,948,14759,food,paypal,2024-07-27
1171,859,35999,books,paypal,2025-04-08
1172,264,39739,food,credit_card,2024-07-20
1173,758,41146,books,debit_card,2025-05-10
1174,888,18987,clothing,credit_card,2024-10-16
1175,794,29107,books,credit_card,2025-03-13
1176,135,49344,clothing,paypal,2025-01-06
1177,915,25469,electronics,credit_card,2025-03-27
1178,161,47594,electronics,paypal,2025-03-25
1179,338,40864,books,paypal,2024-11-25
1180,234,16980,electronics,credit_card,2024-05-24
1181,75,12457,food,debit_card,2024-05-25
1182,942,11205,clothing,credit_card,2024-07-19
1183,996,35303,books,debit_card,2024-12-15
1184,177,42244,clothing,debit_card,2024-10-26
1185,733,30718,food,credit_card,2024-08-28
1186,793,33345,clothing,credit_card,2025-02-02
1187,462,34962,food,credit_card,2024-11-30
1188,674,36325,books,credit_card,2024-10-31
1189,535,3742,food,paypal,2025-04-08
1190,749,13602,books,paypal,2024-06-23
1191,379,26767,books,debit_card,2024-07-27
1192,614,35658,books,debit_card,2025-05-05
1193,772,45028,books,paypal,2024-10-10
1194,704,29586,books,paypal,2024-10-31
1195,198,44951,clothing,credit_card,2024-07-04
1196,879,29648,clothing,credit_card,2024-10-27
1197,824,8320,electronics,paypal,2025-04-17
1198,588,9721,food,credit_card,2024-11-02
1199,411,9177,electronics,credit_card,2024-10-15
1200,331,23852,books,paypal,2024-09-29
1201,701,33698,food,debit_card,2024-11-29
1202,512,44114,food,debit_card,2024-12-01
1203,770,23992,food,debit_card,2025-03-27
1204,990,11781,books,debit_card,2024-10-09
1205,282,874,electronics,credit_card,2024-11-01
1206,537,29755,books,paypal,2024-10-17
1207,828,35296,clothing,debit_card,2024-06-02
1208,59,23923,electronics,debit_card,2024-11-03
1209,362,17234,books,credit_card,2025-02-28
1210,180,17322,books,debit_card,2025-04-12
1211,789,34073,food,debit_card,2025-05-15
1212,148,13719,clothing,paypal,2024-10-21
1213,935,35523,food,credit_card,2024-08-28
1214,795,15794,books,debit_card,2025-04-26
1215,748,4663,food,credit_card,2025-01-12
1216,419,13213,electronics,paypal,2024-12-16
1217,830,18049,clothing,credit_card,2024-08-28
1218,659,27449,electronics,credit_card,2025-04-24
1219,817,45961,books,paypal,2025-04-23
1220,554,40572,clothing,credit_card,2024-07-10
1221,796,18717,electronics,credit_card,2024-12-31
1222,685,38405,electronics,paypal,2024-10-08
1223,654,4839,food,paypal,2024-09-11
1224,889,38239,food,credit_card,2024-12-29
1225,345,10517,books,credit_card,2025-01-30
1226,372,26009,books,paypal,2025-05-11
1227,306,21325,electronics,debit_card,2025-02-02
1228,363,49882,food,paypal,2024-09-08
1229,307,33886,electronics,paypal,2024-12-04
1230,511,42457,clothing,paypal,2025-01-09
1231,694,1734,books,paypal,2024-06-30
1232,780,36446,electronics,credit_card,2024-06-15
1233,443,571,clothing,paypal,2024-07-06
1234,257,18212,clothing,paypal,2025-04-25
1235,821,15787,electronics,debit_card,2024-08-19
1236,615,9669,books,paypal,2024-12-25
1237,626,1650,food,credit_card,2024-12-09
1238,158,3178,clothing,credit_card,2024-08-02
1239,762,29337,food,debit_card,2024-12-22
1240,546,29125,food,debit_card,2024-07-09
1241,375,7950,books,credit_card,2024-08-28
1242,921,28376,books,paypal,2024-08-23
1243,739,10918,clothing,credit_card,2024-09-03
1244,535,49954,clothing,paypal,2024-12-05
1245,806,42533,food,paypal,2024-08-27
1246,826,18617,electronics,paypal,2024-10-14
1247,163,16536,clothing,credit_card,2024-10-10
1248,32,48788,books,paypal,2024-08-10
1249,386,47452,books,credit_card,2024-09-24
1250,431,31994,books,paypal,2025-01-30
1251,102,29562,clothing,paypal,2025-05-16
1252,394,26901,clothing,paypal,2025-01-28
1253,673,42589,electronics,debit_card,2025-03-31
1254,832,35209,electronics,debit_card,2024-08-14
1255,513,10302,books,credit_card,2024-11-03
1256,844,24211,books,paypal,2024-12-09
1257,425,41319,electronics,debit_card,2025-02-28
1258,242,9250,food,paypal,2025-03-05
1259,226,43345,food,credit_card,2024-09-29
1260,640,33437,electronics,credit_card,2025-02-19
1261,234,31401,electronics,credit_card,2024-05-20
1262,833,28576,books,debit_card,2024-08-13
1263,643,42296,food,credit_card,2024-06-08
1264,910,36688,books,debit_card,2024-10-01
1265,595,21665,books,credit_card,2024-06-30
1266,811,29674,food,debit_card,2024-12-08
1267,322,13772,electronics,paypal,2024-08-14
1268,640,45424,electronics,debit_card,2025-01-30
1269,474,34197,electronics,debit_card,2024-07-23
1270,67,21498,food,paypal,2025-04-18
1271,572,38578,books,debit_card,2024-08-29
1272,624,47175,food,credit_card,2024-10-22
1273,847,36540,clothing,paypal,2025-01-03
1274,564,34036,food,debit_card,2025-02-01
1275,538,1997,clothing,credit_card,2024-06-01
1276,491,26622,electronics,credit_card,2025-01-16
1277,608,26658,electronics,credit_card,2025-03-20
1278,959,41892,electronics,paypal,2024-11-28
1279,756,6281,electronics,credit_card,2024-07-31
1280,663,35890,food,paypal,2025-03-28
1281,524,9269,electronics,paypal,2024-09-09
1282,8,26831,food,paypal,2024-07-16
1283,38,8260,electronics,debit_card,2024-07-21
1284,136,14881,food,credit_card,2024-07-20
1285,569,9935,food,paypal,2024-07-11
1286,915,15636,clothing,debit_card,2024-05-21
1287,524,43934,food,paypal,2024-12-13
1288,623,30261,electronics,credit_card,2024-12-07
1289,46,28072,food,debit_card,2024-09-24
1290,524,40751,food,paypal,2025-01-22
1291,998,13017,books,debit_card,2024-05-29
1292,457,1369,food,debit_card,2025-01-17
1293,758,7155,clothing,paypal,2025-01-26
1294,103,21661,books,debit_card,2024-06-28
1295,44,45152,books,debit_card,2024-06-05
1296,927,2645,books,credit_card,2024-06-22
1297,96,34893,food,paypal,2024-07-13
1298,692,48940,clothing,paypal,2024-12-28
1299,728,18860,books,credit_card,2024-12-09
1300,377,33864,clothing,credit_card,2025-04-08
1301,319,4687,books,debit_card,2025-04-21
1302,668,46477,electronics,credit_card,2025-01-21
1303,664,21648,electronics,credit_card,2024-10-24
1304,549,29595,electronics,debit_card,2024-06-30
1305,769,26291,electronics,paypal,2025-04-28
1306,597,42368,food,debit_card,2024-07-05
1307,458,35740,electronics,credit_card,2025-01-19
1308,655,20328,books,debit_card,2024-10-11
1309,525,19631,books,debit_card,2024-09-17
1310,589,19731,electronics,credit_card,2024-10-13
1311,744,28501,books,credit_card,2025-04-14
1312,443,14782,clothing,paypal,2024-12-05
1313,492,14828,food,paypal,2024-06-13
1314,214,8300,books,paypal,2024-09-04
1315,375,30188,clothing,paypal,2024-05-22
1316,686,10153,food,credit_card,2025-03-25
1317,522,26288,clothing,paypal,2025-04-28
1318,140,37523,electronics,debit_card,2024-08-04
1319,378,46717,books,paypal,2025-02-23
1320,842,15361,clothing,credit_card,2024-12-15
1321,93,25135,books,credit_card,2024-08-09
1322,356,41579,books,paypal,2025-01-11
1323,598,28867,food,credit_card,2024-09-21
1324,933,14085,books,debit_card,2024-11-02
1325,867,31363,books,debit_card,2025-02-16
1326,745,8517,books,paypal,2024-06-28
1327,587,23879,books,paypal,2025-04-05
1328,944,41598,food,debit_card,2024-07-09
1329,118,28332,electronics,debit_card,2025-05-16
1330,345,1360,clothing,credit_card,2025-04-08
1331,526,44042,electronics,debit_card,2024-08-01
1332,566,5205,books,credit_card,2025-01-21
1333,807,20151,books,paypal,2024-09-14
1334,396,46312,electronics,paypal,2024-07-19
1335,262,37360,clothing,paypal,2024-09-10
1336,831,29974,books,credit_card,2025-03-13
1337,606,47618,clothing,paypal,2024-10-22
1338,296,44044,clothing,credit_card,2025-05-03
1339,832,10432,food,paypal,2024-11-20
1340,993,49593,electronics,paypal,2024-06-21
1341,600,25696,clothing,credit_card,2024-08-05
1342,913,12860,food,debit_card,2024-09-28
1343,471,8568,food,debit_card,2024-10-18
1344,446,5609,electronics,credit_card,2024-12-08
1345,765,26331,clothing,debit_card,2025-02-17
1346,831,2601,clothing,credit_card,2025-03-10
1347,697,46306,clothing,debit_card,2024-07-07
1348,603,36165,electronics,credit_card,2025-01-31
1349,743,29186,food,paypal,2025-01-24
1350,913,28089,food,debit_card,2024-07-05
1351,759,1558,electronics,debit_card,2024-09-28
1352,630,5229,books,credit_card,2024-06-26
1353,312,18593,food,credit_card,2024-12-28
1354,301,2263,clothing,credit_card,2025-01-12
1355,796,23467,electronics,debit_card,2024-12-13
1356,872,26416,books,debit_card,2024-12-11
1357,144,25200,electronics,credit_card,2024-08-09
1358,393,16643,food,credit_card,2024-11-04
1359,224,4857,books,paypal,2024-06-22
1360,391,40630,books,debit_card,2024-07-23
1361,777,10851,clothing,debit_card,2024-06-01
1362,450,25117,books,credit_card,2024-12-16
1363,623,3447,electronics,credit_card,2024-08-10
1364,332,662,clothing,paypal,2024-11-27
1365,352,4664,clothing,debit_card,2024-12-21
1366,948,45283,books,paypal,2024-10-25
1367,493,9719,clothing,paypal,2024-08-16
1368,235,38030,electronics,debit_card,2024-09-19
1369,774,16307,clothing,credit_card,2025-01-08
1370,948,24171,books,debit_card,2024-05-26
1371,86,24996,food,debit_card,2024-07-24
1372,850,13474,clothing,debit_card,2025-03-31
1373,118,17586,food,paypal,2024-08-26
1374,478,39143,books,credit_card,2025-04-15
1375,138,45602,electronics,debit_card,2025-05-10
1376,598,21617,books,credit_card,2024-10-04
1377,508,43139,food,debit_card,2025-03-30
1378,527,13234,electronics,paypal,2024-08-20
1379,824,25008,electronics,credit_card,2025-03-27
1380,741,46159,food,credit_card,2025-04-04
1381,320,14008,electronics,debit_card,2025-03-31
1382,961,4754,books,credit_card,2024-10-08
1383,493,35552,food,credit_card,2024-06-28
1384,107,1468,food,paypal,2025-04-08
1385,562,30391,electronics,credit_card,2024-07-07
1386,688,27067,books,debit_card,2024-12-14
1387,132,22170,food,credit_card,2024-10-21
1388,658,36408,electronics,credit_card,2024-10-10
1389,842,38392,clothing,credit_card,2025-04-11
1390,382,17754,clothing,paypal,2025-02-06
1391,13,26992,electronics,credit_card,2025-02-12
1392,200,4054,clothing,paypal,2024-10-08
1393,896,22470,books,paypal,2025-05-08
1394,692,21893,clothing,credit_card,2024-12-21
1395,759,6763,electronics,debit_card,2025-02-28
1396,28,26957,food,debit_card,2025-04-29
1397,106,21146,electronics,debit_card,2024-12-05
1398,757,39089,clothing,credit_card,2025-03-30
1399,881,26832,food,credit_card,2025-02-01
1400,870,49008,clothing,credit_card,2025-03-09
1401,874,9454,books,credit_card,2025-05-01
1402,328,15711,clothing,credit_card,2024-06-11
1403,181,3592,books,debit_card,2025-03-07
1404,671,2304,electronics,paypal,2024-07-07
1405,776,3538,electronics,credit_card,2025-01-31
1406,263,35508,books,credit_card,2025-01-23
1407,590,7121,clothing,credit_card,2024-06-23
1408,179,24330,clothing,paypal,2024-11-05
1409,979,8150,clothing,credit_card,2025-01-13
1410,751,39671,books,debit_card,2024-10-19
1411,696,19066,books,credit_card,2025-01-27
1412,312,12668,food,debit_card,2024-12-16
1413,625,29513,food,credit_card,2025-02-18
1414,271,38750,food,debit_card,2025-02-08
1415,275,11894,electronics,paypal,2024-07-23
1416,974,23870,clothing,debit_card,2024-09-27
1417,652,44410,food,paypal,2025-01-13
1418,284,43876,books,credit_card,2024-07-03
1419,484,15707,books,debit_card,2025-03-31
1420,343,45612,clothing,debit_card,2024-10-23
1421,380,22291,electronics,debit_card,2024-09-10
1422,783,26064,clothing,debit_card,2025-01-11
1423,894,42415,electronics,paypal,2024-10-16
1424,427,20170,electronics,debit_card,2024-09-17
1425,802,24713,clothing,credit_card,2024-10-22
1426,870,38616,books,credit_card,2024-12-21
1427,900,29436,books,debit_card,2024-10-07
1428,737,21326,clothing,debit_card,2025-01-31
1429,575,38547,food,credit_card,2024-06-27
1430,902,38287,books,paypal,2025-01-10
1431,158,19481,clothing,paypal,2024-10-31
1432,506,39322,clothing,debit_card,2025-03-26
1433,347,31617,electronics,credit_card,2024-06-23
1434,469,42761,food,credit_card,2024-07-01
1435,561,15219,books,debit_card,2025-01-29
1436,963,43711,books,debit_card,2024-08-10
1437,337,33281,food,credit_card,2024-06-09
1438,592,2212,food,credit_card,2024-10-28
1439,749,35784,clothing,debit_card,2024-08-01
1440,482,39181,clothing,paypal,2024-07-10
1441,771,36307,electronics,debit_card,2025-03-29
1442,363,15219,electronics,credit_card,2024-10-28
1443,919,34268,clothing,paypal,2024-09-23
1444,91,2415,clothing,credit_card,2024-09-05
1445,826,14145,food,credit_card,2024-11-04
1446,61,31402,clothing,credit_card,2025-03-30
1447,281,35647,food,debit_card,2024-08-07
1448,926,47134,electronics,paypal,2025-03-07
1449,396,48466,books,paypal,2025-01-31
1450,121,9138,electronics,debit_card,2024-10-26
1451,803,13375,books,debit_card,2024-10-26
1452,189,21688,books,credit_card,2024-07-25
1453,852,41973,clothing,debit_card,2024-05-23
1454,304,23075,food,credit_card,2025-02-09
1455,613,7635,food,credit_card,2024-07-22
1456,882,39076,books,credit_card,2025-01-27
1457,405,38029,books,paypal,2024-06-11
1458,82,44262,electronics,credit_card,2024-06-23
1459,424,46540,food,paypal,2024-12-19
1460,581,30657,electronics,paypal,2024-10-20
1461,463,44555,electronics,debit_card,2024-06-02
1462,911,36590,clothing,credit_card,2024-11-30
1463,226,39826,electronics,credit_card,2025-03-25
1464,979,26034,electronics,credit_card,2024-11-19
1465,805,37935,electronics,credit_card,2024-10-24
1466,795,47582,clothing,paypal,2024-07-13
1467,279,48431,electronics,credit_card,2025-02-07
1468,232,15679,books,debit_card,2025-01-27
1469,488,44139,food,debit_card,2024-06-15
1470,820,13942,books,paypal,2025-03-27
1471,289,3487,books,credit_card,2025-04-16
1472,978,5163,food,debit_card,2024-07-14
1473,222,2970,electronics,debit_card,2024-08-12
1474,94,7298,food,credit_card,2024-12-24
1475,593,43390,electronics,credit_card,2025-04-23
1476,869,20917,clothing,credit_card,2025-03-01
1477,543,37319,food,debit_card,2025-03-18
1478,414,36170,electronics,paypal,2025-04-10
1479,898,41187,electronics,credit_card,2024-12-19
1480,148,8494,clothing,debit_card,2024-09-03
1481,917,49174,books,debit_card,2024-08-07
1482,268,10719,electronics,credit_card,2024-12-05
1483,203,5394,food,credit_card,2024-05-26
1484,490,37558,electronics,debit_card,2024-07-19
1485,103,13961,food,credit_card,2025-04-07
1486,332,31993,electronics,paypal,2025-04-03
1487,810,32973,electronics,credit_card,2025-03-09
1488,802,46730,electronics,paypal,2024-06-02
1489,317,1563,clothing,debit_card,2024-09-22
1490,686,782,clothing,paypal,2024-08-06
1491,823,43439,electronics,debit_card,2025-03-31
1492,123,9184,food,paypal,2024-12-15
1493,325,9459,food,paypal,2025-04-09
1494,792,40317,clothing,debit_card,2024-09-16
1495,870,33928,books,debit_card,2024-11-04
1496,302,28595,clothing,paypal,2025-04-11
1497,245,36814,electronics,credit_card,2024-06-25
1498,512,20269,electronics,paypal,2024-11-04
1499,126,38353,books,credit_card,2025-01-10
1500,657,10445,electronics,debit_card,2024-12-23
1501,899,3638,electronics,paypal,2025-01-16
1502,85,22488,clothing,debit_card,2025-04-21
1503,421,39612,food,paypal,2025-02-12
1504,398,4853,food,paypal,2025-01-08
1505,834,23070,books,credit_card,2024-12-03
1506,180,43490,food,paypal,2024-12-09
1507,915,5418,electronics,credit_card,2024-06-27
1508,373,19046,food,paypal,2025-04-14
1509,957,46872,food,paypal,2024-08-13
1510,612,46688,books,paypal,2024-08-21
1511,937,24020,food,debit_card,2024-07-12
1512,290,33706,clothing,credit_card,2025-05-02
1513,379,7444,books,debit_card,2024-09-28
1514,357,43977,food,credit_card,2024-11-11
1515,373,33586,books,credit_card,2025-02-12
1516,460,42321,electronics,debit_card,2025-02-27
1517,400,26990,clothing,paypal,2024-11-13
1518,415,24548,electronics,debit_card,2024-11-03
1519,895,1023,food,credit_card,2024-06-12
1520,44,5939,books,paypal,2024-12-28
1521,114,15080,electronics,debit_card,2024-08-30
1522,664,28089,clothing,debit_card,2025-04-27
1523,807,46403,food,credit_card,2025-05-15
1524,4,42323,food,debit_card,2024-08-13
1525,614,4366,books,credit_card,2024-09-11
1526,139,35646,clothing,credit_card,2024-09-18
1527,418,11542,clothing,paypal,2025-03-22
1528,125,23514,clothing,credit_card,2025-01-20
1529,147,36689,clothing,credit_card,2025-02-17
1530,570,10659,books,credit_card,2024-08-16
1531,285,31370,books,credit_card,2024-08-21
1532,198,23956,books,credit_card,2025-05-17
1533,280,6546,electronics,paypal,2024-08-07
1534,275,30146,electronics,credit_card,2024-11-08
1535,912,7170,electronics,credit_card,2024-11-21
1536,684,2446,books,credit_card,2024-12-05
1537,991,29532,clothing,credit_card,2024-06-22
1538,544,39300,clothing,credit_card,2024-10-06
1539,297,8210,books,debit_card,2024-08-06
1540,42,39742,food,paypal,2025-01-14
1541,30,8864,electronics,credit_card,2025-05-05
1542,917,20167,electronics,paypal,2024-12-21
1543,932,47180,books,credit_card,2024-12-14
1544,80,40690,books,credit_card,2024-08-29
1545,780,6765,books,debit_card,2024-09-19
1546,570,27369,food,debit_card,2024-06-30
1547,132,36584,electronics,credit_card,2025-04-04
1548,657,33919,clothing,credit_card,2024-11-01
1549,228,23067,food,paypal,2024-06-23
1550,728,2134,clothing,debit_card,2024-08-05
1551,600,8063,clothing,credit_card,2025-01-24
1552,844,43796,food,debit_card,2025-01-15
1553,842,47718,food,paypal,2024-07-27
1554,15,21401,books,paypal,2024-12-03
1555,981,23075,food,debit_card,2024-07-18
1556,586,20558,electronics,paypal,2024-12-26
1557,192,38243,electronics,debit_card,2024-07-13
1558,988,28675,electronics,paypal,2024-12-16
1559,368,10541,food,credit_card,2024-11-05
1560,69,48202,electronics,debit_card,2024-11-29
1561,431,30626,clothing,credit_card,2024-09-28
1562,775,18415,books,debit_card,2025-04-25
1563,85,26653,books,credit_card,2024-10-02
1564,425,6610,clothing,debit_card,2024-06-12
1565,574,5029,books,paypal,2024-08-08
1566,60,9675,books,credit_card,2024-06-26
1567,21,34056,books,credit_card,2024-09-14
1568,741,26614,clothing,paypal,2024-07-08
1569,870,26568,books,debit_card,2024-12-14
1570,471,33195,clothing,debit_card,2025-05-13
1571,545,18980,clothing,credit_card,2025-03-06
1572,923,16918,clothing,credit_card,2024-12-14
1573,525,812,electronics,debit_card,2025-04-07
1574,466,46993,clothing,debit_card,2025-03-22
1575,738,22192,books,credit_card,2024-10-26
1576,615,7578,books,paypal,2024-11-25
1577,323,30550,books,paypal,2025-05-03
1578,394,11910,food,paypal,2024-11-05
1579,16,11126,books,credit_card,2024-11-10
1580,464,4526,clothing,credit_card,2025-01-24
1581,673,9963,books,paypal,2024-07-14
1582,299,24016,clothing,credit_card,2025-04-05
1583,330,42445,clothing,paypal,2024-10-31
1584,232,3520,books,credit_card,2025-03-07
1585,620,29013,food,credit_card,2024-05-29
1586,633,39827,electronics,debit_card,2025-02-26
1587,102,32309,books,credit_card,2024-07-14
1588,143,9086,electronics,debit_card,2025-04-03
1589,418,30909,clothing,credit_card,2024-11-15
1590,701,16277,clothing,debit_card,2024-11-03
1591,619,14257,food,credit_card,2024-10-27
1592,227,8770,books,credit_card,2025-01-27
1593,125,15614,clothing,paypal,2025-04-24
1594,310,35341,books,credit_card,2025-02-12
1595,155,3454,food,credit_card,2024-06-08
1596,600,3694,electronics,paypal,2025-01-15
1597,659,16459,clothing,debit_card,2024-07-05
1598,232,32573,food,credit_card,2024-07-12
1599,64,635,electronics,paypal,2025-05-06
1600,189,46947,books,debit_card,2025-03-28
1601,386,10082,clothing,debit_card,2024-11-06
1602,733,47551,books,paypal,2024-09-07
1603,66,34193,books,debit_card,2024-07-14
1604,317,661,food,paypal,2024-07-03
1605,832,9847,clothing,credit_card,2024-12-22
1606,813,23052,clothing,credit_card,2025-01-18
1607,85,25735,food,debit_card,2024-08-17
1608,787,5445,books,debit_card,2024-11-06
1609,297,29407,books,credit_card,2024-10-02
1610,14,49002,electronics,paypal,2024-12-17
1611,968,23617,clothing,paypal,2024-07-07
1612,717,7342,electronics,paypal,2024-09-28
1613,998,33199,food,debit_card,2024-05-18
1614,439,22781,electronics,debit_card,2025-02-16
1615,675,31362,food,credit_card,2025-03-14
1616,28,38215,clothing,paypal,2025-04-03
1617,842,46394,books,debit_card,2024-08-10
1618,57,27158,electronics,paypal,2024-07-02
1619,62,10715,clothing,credit_card,2025-04-12
1620,692,7963,food,debit_card,2024-07-01
1621,561,45048,food,credit_card,2024-11-01
1622,645,31814,food,credit_card,2024-11-27
1623,252,9379,clothing,credit_card,2024-06-01
1624,498,8567,books,paypal,2025-02-27
1625,74,9547,food,paypal,2024-08-26
1626,738,19143,books,debit_card,2025-01-25
1627,934,33135,electronics,credit_card,2024-12-22
1628,867,10476,books,credit_card,2025-05-06
1629,42,2395,clothing,debit_card,2024-11-26
1630,792,16599,clothing,credit_card,2024-05-23
1631,715,5293,clothing,credit_card,2025-01-05
1632,448,23082,food,debit_card,2024-07-08
1633,214,8810,food,paypal,2025-01-05
1634,106,32670,clothing,paypal,2024-09-05
1635,423,22945,electronics,debit_card,2025-01-30
1636,942,34827,clothing,credit_card,2025-03-30
1637,101,18508,electronics,debit_card,2024-11-18
1638,168,46396,food,debit_card,2024-12-19
1639,189,28751,food,credit_card,2024-11-10
1640,66,9969,food,credit_card,2024-12-25
1641,324,23137,clothing,credit_card,2024-09-09
1642,973,24448,food,debit_card,2024-11-01
1643,629,31253,food,debit_card,2024-08-20
1644,452,34009,books,paypal,2024-10-11
1645,164,11292,books,paypal,2024-12-21
1646,726,24591,electronics,credit_card,2024-12-11
1647,417,41491,clothing,debit_card,2025-05-15
1648,982,27584,clothing,paypal,2024-10-15
1649,335,25605,books,credit_card,2025-03-05
1650,839,44551,electronics,debit_card,2025-03-14
1651,769,29814,food,paypal,2024-09-07
1652,184,39643,clothing,paypal,2024-12-05
1653,720,1927,food,paypal,2025-01-27
1654,264,45380,books,credit_card,2025-04-10
1655,135,38217,electronics,debit_card,2024-10-06
1656,890,43540,books,credit_card,2025-02-11
1657,151,13337,books,debit_card,2024-09-23
1658,564,45691,electronics,debit_card,2024-11-22
1659,996,32792,food,credit_card,2024-11-07
1660,120,34562,books,paypal,2024-06-16
1661,54,30578,electronics,credit_card,2025-01-20
1662,666,40540,clothing,credit_card,2024-12-19
1663,464,36905,clothing,credit_card,2025-02-08
1664,456,42777,clothing,paypal,2025-04-19
1665,949,37684,books,debit_card,2025-04-15
1666,735,26367,food,debit_card,2024-10-02
1667,13,26414,clothing,debit_card,2024-06-29
1668,225,44468,clothing,paypal,2024-10-11
1669,206,784,electronics,credit_card,2025-03-08
1670,905,10431,electronics,credit_card,2024-06-05
1671,531,19648,books,credit_card,2024-10-31
1672,837,17088,clothing,credit_card,2025-01-29
1673,434,30080,food,credit_card,2024-08-30
1674,171,45807,food,debit_card,2024-06-25
1675,88,46199,clothing,debit_card,2025-05-13
1676,873,22491,books,paypal,2024-12-22
1677,913,28999,clothing,credit_card,2024-08-03
1678,380,27979,books,paypal,2025-04-21
1679,117,12807,clothing,debit_card,2024-07-03
1680,379,6632,clothing,debit_card,2025-04-22
1681,845,43300,electronics,credit_card,2025-03-23
1682,921,22244,books,debit_card,2025-03-22
1683,487,23108,electronics,paypal,2025-04-23
1684,222,34835,electronics,debit_card,2025-01-07
1685,654,4965,electronics,debit_card,2025-04-16
1686,279,16359,electronics,debit_card,2024-10-22
1687,395,33855,books,credit_card,2024-05-31
1688,219,22138,clothing,paypal,2024-06-27
1689,671,7252,books,paypal,2024-06-21
1690,223,31781,books,debit_card,2024-12-05
1691,361,33640,electronics,credit_card,2025-04-26
1692,640,42388,electronics,credit_card,2024-10-23
1693,529,21324,food,debit_card,2024-09-30
1694,113,32419,food,paypal,2025-01-03
1695,37,6477,electronics,credit_card,2024-09-23
1696,810,43560,electronics,debit_card,2024-07-11
1697,540,45976,clothing,debit_card,2024-05-23
1698,106,29069,electronics,credit_card,2024-11-11
1699,529,26010,food,paypal,2024-10-13
1700,116,6082,food,debit_card,2024-10-05
1701,365,38454,clothing,paypal,2025-02-05
1702,164,27620,electronics,debit_card,2025-04-26
1703,737,21527,electronics,debit_card,2024-08-16
1704,213,25071,clothing,debit_card,2024-11-16
1705,660,35831,electronics,paypal,2024-11-20
1706,433,21940,food,paypal,2025-03-02
1707,559,24723,clothing,debit_card,2025-01-15
1708,254,38412,clothing,debit_card,2025-02-25
1709,398,26726,clothing,credit_card,2024-09-20
1710,928,46401,food,debit_card,2024-08-04
1711,45,4860,books,paypal,2024-12-31
1712,952,28373,food,paypal,2024-09-11
1713,620,14132,electronics,credit_card,2025-05-14
1714,156,34279,books,credit_card,2025-02-26
1715,923,30779,clothing,debit_card,2024-11-02
1716,441,39331,clothing,debit_card,2024-12-06
1717,72,42310,books,paypal,2024-05-19
1718,63,11287,books,credit_card,2024-08-25
1719,380,20149,food,credit_card,2025-01-15
1720,5,36175,food,credit_card,2025-05-14
1721,549,37482,food,credit_card,2025-05-13
1722,655,30428,clothing,paypal,2025-02-21
1723,973,32205,food,debit_card,2024-09-26
1724,942,49448,electronics,credit_card,2024-09-03
1725,300,9688,books,credit_card,2024-05-28
1726,751,32005,food,credit_card,2025-05-17
1727,799,39988,electronics,credit_card,2024-10-03
1728,930,5935,clothing,credit_card,2025-04-23
1729,848,9777,books,credit_card,2025-02-07
1730,303,44745,books,debit_card,2025-01-27
1731,910,44920,electronics,debit_card,2024-06-14
1732,496,45833,food,debit_card,2025-03-30
1733,776,41069,food,credit_card,2024-06-04
1734,594,38678,food,credit_card,2024-11-06
1735,374,47015,food,debit_card,2024-10-25
1736,413,30335,food,debit_card,2025-04-27
1737,622,40437,food,paypal,2025-01-17
1738,200,19346,books,credit_card,2025-05-09
1739,630,47253,books,credit_card,2025-02-24
1740,959,18951,clothing,paypal,2024-11-04
1741,699,47203,books,credit_card,2024-09-25
1742,640,13626,clothing,credit_card,2025-04-02
1743,594,5476,books,credit_card,2024-07-02
1744,721,1370,food,credit_card,2024-11-13
1745,710,19145,food,paypal,2025-01-13
1746,432,3781,electronics,debit_card,2024-09-07
1747,808,42478,electronics,credit_card,2024-11-30
1748,39,49338,electronics,credit_card,2025-04-12
1749,407,46954,clothing,debit_card,2025-05-13
1750,32,33524,electronics,credit_card,2024-10-24
1751,358,37234,clothing,paypal,2025-01-04
1752,865,31218,books,paypal,2024-09-26
1753,885,36958,clothing,credit_card,2024-12-05
1754,296,33766,clothing,debit_card,2024-09-08
1755,916,6349,clothing,credit_card,2024-12-23
1756,585,26905,food,paypal,2025-04-01
1757,838,17024,food,credit_card,2024-05-19
1758,518,27577,food,debit_card,2024-06-04
1759,852,16232,clothing,credit_card,2025-01-31
1760,94,32930,clothing,paypal,2024-10-21
1761,434,24411,clothing,paypal,2025-03-06
1762,318,26245,books,debit_card,2024-07-18
1763,924,11408,food,paypal,2025-03-13
1764,298,671,electronics,credit_card,2024-05-30
1765,902,48645,clothing,credit_card,2024-08-11
1766,401,44020,electronics,credit_card,2024-12-13
1767,683,49408,food,credit_card,2024-12-05
1768,89,39115,electronics,paypal,2024-11-25
1769,287,14162,clothing,debit_card,2025-03-20
1770,411,43209,clothing,paypal,2025-04-18
1771,901,42768,clothing,credit_card,2024-12-05
1772,921,28078,clothing,debit_card,2024-07-15
1773,730,13657,electronics,credit_card,2025-04-18
1774,59,47842,electronics,paypal,2025-04-21
1775,539,39506,clothing,credit_card,2024-08-07
1776,455,34646,electronics,paypal,2025-05-16
1777,829,20797,electronics,credit_card,2024-08-21
1778,660,15615,books,paypal,2024-12-26
1779,67,22461,clothing,paypal,2024-06-02
1780,52,41239,clothing,credit_card,2025-01-03
1781,724,14958,food,debit_card,2024-10-12
1782,91,16388,food,debit_card,2025-02-19
1783,547,42619,electronics,paypal,2025-04-05
1784,144,9485,food,paypal,2025-04-13
1785,358,37991,books,debit_card,2024-05-25
1786,263,30515,electronics,debit_card,2025-01-25
1787,76,6285,electronics,debit_card,2024-06-03
1788,562,14399,clothing,credit_card,2024-07-08
1789,444,33084,clothing,paypal,2024-09-30
1790,634,33519,books,credit_card,2025-03-30
1791,572,38807,electronics,paypal,2024-12-11
1792,144,44229,food,paypal,2025-01-18
1793,486,27251,books,paypal,2025-05-03
1794,776,48241,electronics,debit_card,2024-09-11
1795,438,31887,electronics,paypal,2024-09-06
1796,491,26591,clothing,paypal,2024-08-19
1797,556,14704,food,credit_card,2024-10-08
1798,558,34969,books,credit_card,2025-04-03
1799,747,43409,food,paypal,2025-02-24
1800,471,26813,clothing,paypal,2025-02-25
1801,189,28360,food,debit_card,2024-10-02
1802,528,45793,electronics,paypal,2024-05-24
1803,705,13260,food,paypal,2024-10-26
1804,88,26398,books,credit_card,2025-02-11
1805,564,42497,electronics,debit_card,2024-12-19
1806,595,38755,clothing,debit_card,2024-08-01
1807,549,7458,clothing,debit_card,2024-11-24
1808,638,31735,food,debit_card,2025-03-01
1809,445,21649,food,debit_card,2024-12-17
1810,26,36482,clothing,paypal,2024-11-09
1811,983,49131,electronics,debit_card,2025-05-02
1812,947,5247,books,credit_card,2024-10-04
1813,112,25897,books,debit_card,2024-08-08
1814,597,12851,electronics,credit_card,2024-07-19
1815,981,23600,food,debit_card,2025-03-31
1816,548,35422,food,credit_card,2024-06-20
1817,117,20709,food,credit_card,2025-04-19
1818,894,43195,books,credit_card,2025-05-15
1819,736,40048,clothing,debit_card,2024-12-30
1820,609,46637,clothing,paypal,2024-10-01
1821,575,32696,books,paypal,2024-09-22
1822,51,41555,clothing,paypal,2025-05-09
1823,793,9759,clothing,credit_card,2025-03-15
1824,105,48412,clothing,debit_card,2024-06-27
1825,14,4681,food,paypal,2025-04-29
1826,506,18537,clothing,paypal,2025-05-06
1827,412,43856,books,credit_card,2025-02-14
1828,166,15380,clothing,debit_card,2024-07-12
1829,216,8303,electronics,debit_card,2025-02-20
1830,908,3242,electronics,debit_card,2024-06-24
1831,201,1798,clothing,debit_card,2025-02-18
1832,927,25724,food,credit_card,2025-01-05
1833,719,38131,food,debit_card,2025-01-15
1834,481,48654,books,credit_card,2024-05-25
1835,829,21906,food,paypal,2025-03-31
1836,827,42574,books,debit_card,2024-10-29
1837,969,43972,books,debit_card,2024-06-04
1838,796,33008,books,credit_card,2024-11-04
1839,556,32805,clothing,debit_card,2024-06-21
1840,312,17090,books,credit_card,2025-01-07
1841,339,47984,electronics,debit_card,2024-11-04
1842,672,28623,food,debit_card,2024-08-27
1843,204,44163,books,paypal,2025-02-05
1844,806,19942,clothing,paypal,2024-11-18
1845,671,36350,food,paypal,2025-02-25
1846,876,27795,food,credit_card,2024-10-07
1847,402,20142,books,credit_card,2025-02-28
1848,31,43950,food,debit_card,2024-11-12
1849,538,31367,electronics,paypal,2024-07-10
1850,298,16471,clothing,paypal,2024-10-20
1851,790,40482,clothing,paypal,2024-06-19
1852,258,20211,clothing,paypal,2024-10-09
1853,612,45753,books,paypal,2025-05-01
1854,365,2058,books,debit_card,2025-04-17
1855,370,47733,electronics,paypal,2025-02-17
1856,545,18138,food,debit_card,2025-02-22
1857,751,1036,electronics,debit_card,2025-02-06
1858,288,11786,clothing,paypal,2025-04-24
1859,714,31134,food,credit_card,2024-09-09
1860,929,9798,books,debit_card,2024-06-26
1861,808,23133,electronics,credit_card,2024-08-03
1862,948,2372,electronics,debit_card,2025-03-08
1863,344,37140,books,credit_card,2024-11-17
1864,40,44840,clothing,paypal,2024-05-26
1865,652,818,books,debit_card,2025-05-06
1866,674,12623,electronics,debit_card,2025-01-30
1867,352,15375,electronics,credit_card,2024-09-22
1868,611,17855,clothing,credit_card,2024-09-08
1869,636,22166,clothing,credit_card,2025-03-27
1870,115,9821,clothing,paypal,2024-11-18
1871,590,2413,books,credit_card,2024-10-24
1872,367,12601,food,debit_card,2025-03-02
1873,565,28951,food,credit_card,2024-06-10
1874,353,7775,electronics,paypal,2024-11-12
1875,508,15143,clothing,paypal,2024-06-05
1876,359,23343,books,debit_card,2025-04-06
1877,266,41913,food,credit_card,2024-07-12
1878,844,41513,electronics,paypal,2025-01-19
1879,332,6645,electronics,debit_card,2024-06-11
1880,924,20451,books,debit_card,2024-12-08
1881,774,45343,clothing,paypal,2024-09-27
1882,716,2548,food,credit_card,2024-09-17
1883,191,36139,electronics,debit_card,2024-09-26
1884,205,16716,food,debit_card,2024-11-01
1885,98,9701,electronics,paypal,2024-12-06
1886,851,31670,books,debit_card,2025-02-21
1887,780,28379,books,credit_card,2025-02-18
1888,772,28307,electronics,paypal,2025-01-06
1889,539,8267,food,debit_card,2025-02-25
1890,15,39110,electronics,debit_card,2024-07-29
1891,240,5994,food,credit_card,2025-05-07
1892,810,15892,books,credit_card,2024-10-06
1893,763,32879,electronics,debit_card,2024-11-27
1894,34,47179,books,paypal,2024-07-06
1895,842,39177,clothing,credit_card,2024-06-05
1896,721,47920,food,debit_card,2025-01-21
1897,693,7050,clothing,credit_card,2024-12-25
1898,801,15517,electronics,debit_card,2024-09-02
1899,353,6427,books,paypal,2025-03-01
1900,59,10019,books,paypal,2025-01-13
1901,411,20015,books,credit_card,2024-06-04
1902,149,36739,clothing,paypal,2025-01-16
1903,110,16642,books,credit_card,2024-09-18
1904,371,24819,food,debit_card,2024-09-21
1905,190,40239,electronics,credit_card,2024-11-29
1906,300,39197,electronics,paypal,2024-12-22
1907,644,17458,clothing,credit_card,2024-08-24
1908,872,46850,clothing,paypal,2024-12-15
1909,255,29065,books,credit_card,2025-04-04
1910,908,2999,clothing,paypal,2024-07-22
1911,496,32196,electronics,paypal,2024-06-23
1912,110,21516,electronics,debit_card,2025-03-03
1913,700,38808,electronics,paypal,2024-09-20
1914,620,8790,food,debit_card,2025-04-15
1915,932,30116,clothing,credit_card,2024-08-30
1916,115,28507,clothing,paypal,2024-07-07
1917,86,49235,electronics,paypal,2024-09-02
1918,501,15480,clothing,credit_card,2025-03-28
1919,608,36541,clothing,debit_card,2024-07-31
1920,922,5449,books,debit_card,2025-01-26
1921,696,30679,food,debit_card,2025-03-20
1922,792,2263,books,credit_card,2024-08-01
1923,527,45224,food,debit_card,2025-05-17
1924,453,42670,books,debit_card,2024-07-17
1925,759,41050,electronics,debit_card,2025-02-06
1926,58,17165,books,debit_card,2025-04-21
1927,11,12137,electronics,credit_card,2024-06-21
1928,387,49154,clothing,paypal,2024-09-06
1929,569,40668,electronics,credit_card,2024-12-10
1930,654,23189,electronics,credit_card,2024-07-17
1931,324,33464,food,debit_card,2024-10-26
1932,49,16080,electronics,debit_card,2025-05-13
1933,620,47609,clothing,debit_card,2024-10-21
1934,702,45705,food,paypal,2024-11-20
1935,305,41488,electronics,paypal,2024-05-18
1936,741,10081,clothing,debit_card,2024-08-13
1937,518,6808,electronics,credit_card,2025-01-13
1938,851,36509,clothing,debit_card,2025-02-18
1939,74,3676,books,credit_card,2025-01-13
1940,251,18903,food,credit_card,2025-03-27
1941,559,20849,clothing,credit_card,2025-05-16
1942,101,15902,clothing,debit_card,2025-01-17
1943,178,2566,clothing,paypal,2025-04-08
1944,903,49800,food,paypal,2025-03-16
1945,742,42257,food,credit_card,2024-10-17
1946,862,1092,clothing,paypal,2024-08-01
1947,693,44249,electronics,paypal,2024-05-23
1948,491,16591,food,paypal,2025-05-11
1949,478,49592,books,paypal,2024-09-11
1950,439,32097,clothing,credit_card,2025-04-26
1951,24,23672,clothing,credit_card,2025-01-06
1952,716,47507,electronics,credit_card,2024-09-17
1953,936,1079,food,credit_card,2024-10-07
1954,248,18128,books,credit_card,2024-06-17
1955,688,35439,books,credit_card,2025-02-14
1956,222,30566,electronics,paypal,2024-11-08
1957,83,7717,electronics,paypal,2025-01-02
1958,818,42612,books,debit_card,2025-01-05
1959,958,24313,food,paypal,2024-09-18
1960,146,40924,food,debit_card,2024-11-25
1961,399,8029,clothing,debit_card,2024-10-10
1962,511,5628,clothing,debit_card,2024-10-01
1963,752,45349,electronics,paypal,2024-06-06
1964,514,33299,food,credit_card,2024-10-12
1965,247,38815,books,debit_card,2025-03-24
1966,138,49139,food,debit_card,2024-10-04
1967,557,14836,electronics,debit_card,2024-11-12
1968,507,14096,food,credit_card,2025-02-06
1969,558,34890,food,paypal,2024-12-22
1970,843,3549,clothing,paypal,2025-03-07
1971,223,45548,books,paypal,2024-11-04
1972,985,5011,books,debit_card,2024-10-29
1973,908,25486,clothing,debit_card,2024-10-12
1974,210,48178,clothing,credit_card,2024-12-17
1975,975,45062,electronics,credit_card,2024-09-25
1976,427,6841,books,credit_card,2024-07-01
1977,688,7202,books,credit_card,2024-12-17
1978,524,15361,electronics,paypal,2024-10-26
1979,545,48808,food,credit_card,2024-10-17
1980,269,31904,electronics,debit_card,2024-10-31
1981,321,25214,food,paypal,2024-08-29
1982,925,32156,electronics,credit_card,2024-11-05
1983,565,37117,clothing,credit_card,2025-05-03
1984,285,35973,clothing,debit_card,2024-06-02
1985,618,42488,clothing,debit_card,2025-01-21
1986,707,5661,books,paypal,2025-02-14
1987,765,10000,electronics,paypal,2024-06-22
1988,172,32124,electronics,debit_card,2024-11-30
1989,613,15118,books,credit_card,2025-04-25
1990,930,17816,electronics,debit_card,2024-05-31
1991,149,38445,electronics,credit_card,2024-08-12
1992,463,11663,clothing,paypal,2025-02-26
1993,288,31945,electronics,paypal,2025-02-08
1994,21,6234,electronics,debit_card,2024-05-26
1995,598,26745,electronics,debit_card,2024-11-27
1996,694,29873,books,paypal,2024-09-15
1997,916,19168,food,paypal,2024-07-14
1998,59,21191,clothing,credit_card,2025-03-24
1999,503,8642,electronics,debit_card,2024-08-11
2000,875,27318,books,debit_card,2024-11-16
