user_id,username,age,gender,region,member_status,registration_date
1,user_0001,58,male,東京,gold,2024-08-09
2,user_0002,33,male,大阪,gold,2025-02-02
3,user_0003,61,other,北海道,regular,2023-09-21
4,user_0004,45,male,東京,regular,2024-10-06
5,user_0005,32,other,北海道,regular,2023-10-21
6,user_0006,30,other,北海道,premium,2024-10-04
7,user_0007,46,other,愛知,regular,2023-04-01
8,user_0008,69,male,福岡,premium,2024-08-06
9,user_0009,27,male,愛知,regular,2025-02-12
10,user_0010,42,male,愛知,premium,2023-09-07
11,user_0011,34,male,福岡,gold,2025-01-10
12,user_0012,80,female,東京,gold,2024-07-21
13,user_0013,71,other,北海道,premium,2023-10-04
14,user_0014,30,other,東京,regular,2023-07-10
15,user_0015,32,female,東京,regular,2022-12-12
16,user_0016,24,female,愛知,premium,2023-08-06
17,user_0017,71,female,大阪,premium,2024-05-19
18,user_0018,31,other,愛知,gold,2022-10-01
19,user_0019,61,other,東京,gold,2023-08-06
20,user_0020,28,other,大阪,regular,2024-01-30
21,user_0021,42,female,北海道,regular,2023-06-16
22,user_0022,38,male,大阪,regular,2023-02-13
23,user_0023,38,female,愛知,regular,2024-10-13
24,user_0024,76,other,愛知,regular,2023-07-16
25,user_0025,49,female,福岡,regular,2024-08-19
26,user_0026,26,male,北海道,gold,2024-08-21
27,user_0027,65,other,福岡,gold,2024-04-04
28,user_0028,41,male,大阪,gold,2023-12-29
29,user_0029,23,male,東京,regular,2023-08-14
30,user_0030,28,other,福岡,gold,2025-03-13
31,user_0031,42,female,北海道,premium,2023-11-23
32,user_0032,34,other,東京,gold,2023-05-10
33,user_0033,25,other,北海道,premium,2023-03-22
34,user_0034,59,female,東京,premium,2024-02-27
35,user_0035,28,female,東京,gold,2022-12-03
36,user_0036,64,female,北海道,regular,2023-12-15
37,user_0037,76,male,愛知,gold,2023-12-15
38,user_0038,56,male,大阪,premium,2023-03-29
39,user_0039,28,other,北海道,regular,2023-09-12
40,user_0040,38,female,東京,regular,2022-10-09
41,user_0041,41,female,大阪,regular,2024-09-13
42,user_0042,74,other,東京,regular,2023-04-29
43,user_0043,49,male,北海道,regular,2025-01-06
44,user_0044,60,female,北海道,regular,2024-08-19
45,user_0045,51,other,福岡,regular,2022-10-09
46,user_0046,52,other,大阪,gold,2024-07-02
47,user_0047,43,other,愛知,premium,2022-11-08
48,user_0048,51,female,東京,regular,2024-09-29
49,user_0049,22,female,東京,gold,2023-10-28
50,user_0050,32,other,大阪,regular,2025-03-06
51,user_0051,63,other,東京,regular,2025-03-09
52,user_0052,75,male,愛知,regular,2023-12-08
53,user_0053,33,female,福岡,regular,2023-11-12
54,user_0054,26,other,北海道,gold,2024-01-19
55,user_0055,33,female,福岡,regular,2025-02-10
56,user_0056,24,other,福岡,premium,2024-03-10
57,user_0057,44,female,東京,gold,2023-07-18
58,user_0058,80,other,東京,regular,2024-03-31
59,user_0059,64,female,東京,regular,2024-11-02
60,user_0060,30,other,福岡,regular,2024-03-11
61,user_0061,29,female,福岡,regular,2022-12-04
62,user_0062,77,male,福岡,gold,2025-02-06
63,user_0063,21,other,北海道,regular,2022-08-29
64,user_0064,23,male,大阪,premium,2024-01-06
65,user_0065,48,male,福岡,regular,2024-11-30
66,user_0066,42,male,福岡,premium,2022-10-12
67,user_0067,68,female,愛知,premium,2023-06-04
68,user_0068,79,other,北海道,gold,2023-05-13
69,user_0069,49,male,大阪,premium,2024-10-07
70,user_0070,79,male,北海道,gold,2023-11-09
71,user_0071,21,other,愛知,regular,2025-03-27
72,user_0072,55,female,北海道,gold,2024-12-07
73,user_0073,21,other,東京,regular,2025-03-08
74,user_0074,56,male,大阪,premium,2025-01-15
75,user_0075,78,other,大阪,gold,2023-09-17
76,user_0076,20,other,東京,premium,2023-07-14
77,user_0077,55,other,北海道,premium,2022-10-03
78,user_0078,34,male,愛知,regular,2024-08-19
79,user_0079,43,male,愛知,premium,2024-06-28
80,user_0080,77,male,東京,premium,2023-08-20
81,user_0081,54,male,東京,gold,2024-10-11
82,user_0082,50,female,大阪,premium,2022-11-27
83,user_0083,22,male,愛知,premium,2024-12-07
84,user_0084,46,other,愛知,gold,2023-02-11
85,user_0085,59,other,東京,gold,2023-02-01
86,user_0086,53,female,東京,regular,2024-08-20
87,user_0087,25,male,北海道,regular,2024-08-12
88,user_0088,36,other,大阪,gold,2024-05-31
89,user_0089,31,other,愛知,gold,2024-01-03
90,user_0090,34,male,東京,gold,2024-03-10
91,user_0091,71,female,東京,regular,2024-06-10
92,user_0092,67,male,愛知,regular,2023-04-19
93,user_0093,46,other,福岡,gold,2025-05-08
94,user_0094,25,male,大阪,gold,2025-04-11
95,user_0095,71,female,北海道,gold,2024-12-17
96,user_0096,45,male,東京,premium,2024-05-09
97,user_0097,75,male,愛知,regular,2023-06-19
98,user_0098,33,other,東京,premium,2023-03-11
99,user_0099,53,female,北海道,gold,2024-12-10
100,user_0100,77,male,大阪,regular,2022-11-27
101,user_0101,44,male,大阪,gold,2022-10-14
102,user_0102,39,female,大阪,premium,2024-12-05
103,user_0103,68,other,東京,premium,2022-12-06
104,user_0104,20,female,大阪,regular,2023-02-01
105,user_0105,76,female,愛知,premium,2023-01-28
106,user_0106,68,male,大阪,regular,2023-07-12
107,user_0107,30,female,愛知,premium,2022-12-14
108,user_0108,22,female,愛知,gold,2023-12-13
109,user_0109,43,other,北海道,premium,2022-09-29
110,user_0110,19,male,愛知,regular,2023-10-01
111,user_0111,79,female,東京,regular,2023-09-15
112,user_0112,45,female,愛知,premium,2023-09-05
113,user_0113,80,other,東京,premium,2022-11-08
114,user_0114,54,male,愛知,regular,2023-05-23
115,user_0115,45,male,北海道,gold,2023-06-14
116,user_0116,64,other,大阪,premium,2024-03-02
117,user_0117,22,other,愛知,gold,2024-06-30
118,user_0118,60,male,愛知,gold,2024-07-05
119,user_0119,60,female,愛知,premium,2023-06-04
120,user_0120,36,other,大阪,regular,2024-03-13
121,user_0121,60,female,大阪,gold,2023-10-13
122,user_0122,37,female,北海道,regular,2024-07-10
123,user_0123,36,male,福岡,gold,2023-09-04
124,user_0124,59,female,福岡,premium,2024-02-20
125,user_0125,61,male,北海道,premium,2023-02-25
126,user_0126,75,other,大阪,gold,2025-02-20
127,user_0127,36,other,北海道,premium,2025-02-11
128,user_0128,70,male,愛知,regular,2023-02-12
129,user_0129,30,male,東京,regular,2024-09-09
130,user_0130,80,female,北海道,regular,2024-02-06
131,user_0131,44,other,北海道,regular,2023-05-13
132,user_0132,62,female,福岡,premium,2024-09-10
133,user_0133,27,other,東京,regular,2023-03-12
134,user_0134,45,male,大阪,gold,2023-12-04
135,user_0135,47,male,北海道,regular,2022-10-21
136,user_0136,72,male,福岡,regular,2023-02-17
137,user_0137,47,other,北海道,gold,2023-09-16
138,user_0138,38,female,北海道,gold,2022-11-16
139,user_0139,50,female,北海道,premium,2022-11-11
140,user_0140,28,other,福岡,premium,2024-08-25
141,user_0141,66,male,愛知,gold,2024-01-07
142,user_0142,58,male,愛知,premium,2025-02-27
143,user_0143,63,female,大阪,premium,2024-06-08
144,user_0144,38,other,東京,regular,2024-12-14
145,user_0145,32,female,大阪,gold,2024-10-10
146,user_0146,22,female,福岡,premium,2023-11-09
147,user_0147,47,female,東京,regular,2023-01-16
148,user_0148,44,female,北海道,gold,2025-04-27
149,user_0149,72,other,福岡,premium,2025-05-11
150,user_0150,78,female,愛知,premium,2022-12-26
151,user_0151,75,female,北海道,gold,2023-04-26
152,user_0152,52,other,大阪,premium,2024-10-05
153,user_0153,35,female,福岡,regular,2024-04-14
154,user_0154,39,other,福岡,gold,2024-11-29
155,user_0155,71,female,大阪,gold,2023-11-18
156,user_0156,19,female,北海道,gold,2023-07-09
157,user_0157,19,male,福岡,regular,2022-12-12
158,user_0158,47,male,東京,premium,2024-04-24
159,user_0159,38,male,福岡,premium,2024-06-06
160,user_0160,66,female,愛知,premium,2024-09-01
161,user_0161,71,male,福岡,regular,2023-04-11
162,user_0162,52,male,愛知,regular,2023-07-22
163,user_0163,22,other,東京,regular,2022-09-18
164,user_0164,33,male,東京,gold,2024-12-12
165,user_0165,33,male,福岡,gold,2025-01-20
166,user_0166,54,male,福岡,gold,2024-08-28
167,user_0167,67,female,大阪,gold,2023-09-04
168,user_0168,79,other,東京,regular,2022-09-03
169,user_0169,37,male,北海道,regular,2022-10-09
170,user_0170,37,other,福岡,premium,2022-09-26
171,user_0171,63,male,東京,gold,2023-06-10
172,user_0172,71,other,大阪,regular,2023-06-04
173,user_0173,67,female,北海道,regular,2023-02-22
174,user_0174,80,other,東京,premium,2023-11-19
175,user_0175,45,other,愛知,regular,2023-12-16
176,user_0176,59,female,東京,premium,2023-01-26
177,user_0177,49,male,福岡,premium,2023-08-06
178,user_0178,75,female,大阪,premium,2024-11-18
179,user_0179,64,other,愛知,gold,2023-02-10
180,user_0180,76,other,福岡,premium,2024-02-26
181,user_0181,70,other,北海道,premium,2024-06-21
182,user_0182,72,male,東京,premium,2022-11-27
183,user_0183,46,male,福岡,gold,2023-09-01
184,user_0184,60,female,愛知,regular,2023-12-28
185,user_0185,72,female,大阪,premium,2024-10-12
186,user_0186,40,female,愛知,premium,2022-11-28
187,user_0187,56,other,愛知,gold,2025-05-07
188,user_0188,51,male,東京,regular,2023-05-11
189,user_0189,44,female,北海道,regular,2023-06-10
190,user_0190,48,other,福岡,premium,2023-02-26
191,user_0191,19,male,愛知,regular,2024-03-29
192,user_0192,62,male,愛知,gold,2023-09-30
193,user_0193,41,female,北海道,gold,2024-05-30
194,user_0194,45,other,北海道,premium,2024-05-22
195,user_0195,62,female,愛知,premium,2024-09-02
196,user_0196,32,male,大阪,premium,2025-01-15
197,user_0197,65,other,大阪,regular,2024-10-08
198,user_0198,65,female,愛知,gold,2023-09-22
199,user_0199,80,other,北海道,premium,2025-02-04
200,user_0200,71,male,愛知,regular,2024-05-13
201,user_0201,29,female,東京,gold,2023-11-18
202,user_0202,26,female,東京,regular,2023-10-29
203,user_0203,36,other,大阪,gold,2022-12-10
204,user_0204,66,female,東京,regular,2023-10-08
205,user_0205,36,female,福岡,premium,2024-06-03
206,user_0206,29,male,愛知,premium,2025-01-21
207,user_0207,70,male,福岡,premium,2025-03-03
208,user_0208,54,other,東京,regular,2024-12-16
209,user_0209,69,other,愛知,regular,2024-09-05
210,user_0210,25,other,福岡,gold,2023-09-15
211,user_0211,68,other,大阪,gold,2024-04-23
212,user_0212,46,female,愛知,gold,2024-03-04
213,user_0213,37,other,北海道,regular,2023-09-01
214,user_0214,79,other,東京,regular,2023-08-16
215,user_0215,31,female,東京,regular,2024-09-14
216,user_0216,29,other,東京,regular,2025-05-15
217,user_0217,44,female,北海道,premium,2024-07-23
218,user_0218,20,male,愛知,gold,2024-08-01
219,user_0219,62,female,東京,gold,2024-09-20
220,user_0220,77,female,北海道,gold,2023-02-14
221,user_0221,77,male,福岡,regular,2023-11-07
222,user_0222,32,other,大阪,premium,2023-01-22
223,user_0223,27,male,東京,regular,2023-02-26
224,user_0224,37,other,北海道,premium,2024-02-23
225,user_0225,25,female,愛知,gold,2024-03-31
226,user_0226,78,female,北海道,gold,2023-12-29
227,user_0227,46,male,北海道,regular,2022-11-19
228,user_0228,45,other,愛知,gold,2024-09-03
229,user_0229,19,male,大阪,gold,2023-01-12
230,user_0230,73,other,北海道,regular,2023-03-26
231,user_0231,61,female,北海道,regular,2023-03-28
232,user_0232,66,male,福岡,gold,2023-07-20
233,user_0233,46,female,大阪,gold,2024-02-26
234,user_0234,58,female,東京,premium,2024-05-26
235,user_0235,44,female,愛知,gold,2025-01-30
236,user_0236,72,male,愛知,premium,2023-06-07
237,user_0237,49,female,福岡,gold,2025-04-10
238,user_0238,47,male,愛知,premium,2024-06-20
239,user_0239,25,female,北海道,regular,2023-07-14
240,user_0240,73,other,福岡,premium,2025-03-23
241,user_0241,30,other,愛知,gold,2023-04-04
242,user_0242,49,other,福岡,regular,2024-10-21
243,user_0243,35,other,大阪,premium,2024-02-24
244,user_0244,74,other,福岡,regular,2025-04-18
245,user_0245,80,other,北海道,regular,2023-05-22
246,user_0246,28,female,北海道,regular,2023-10-30
247,user_0247,44,male,大阪,regular,2024-01-31
248,user_0248,78,male,大阪,premium,2022-10-05
249,user_0249,63,female,北海道,gold,2024-08-11
250,user_0250,44,female,福岡,regular,2024-02-05
251,user_0251,53,male,福岡,regular,2022-10-17
252,user_0252,56,other,大阪,regular,2024-08-08
253,user_0253,67,female,愛知,gold,2024-08-17
254,user_0254,70,male,愛知,gold,2024-07-16
255,user_0255,71,other,北海道,gold,2024-01-02
256,user_0256,73,male,福岡,gold,2024-01-08
257,user_0257,40,female,北海道,gold,2024-04-26
258,user_0258,47,female,大阪,gold,2024-09-15
259,user_0259,54,female,大阪,premium,2025-04-03
260,user_0260,38,other,福岡,gold,2022-10-25
261,user_0261,69,female,福岡,gold,2023-02-26
262,user_0262,70,other,大阪,premium,2022-09-03
263,user_0263,20,male,北海道,gold,2024-06-12
264,user_0264,73,male,福岡,regular,2023-11-26
265,user_0265,76,female,東京,gold,2024-12-21
266,user_0266,44,other,大阪,regular,2024-01-23
267,user_0267,68,female,愛知,gold,2023-06-08
268,user_0268,43,other,東京,premium,2022-12-27
269,user_0269,61,other,福岡,premium,2023-08-15
270,user_0270,63,female,北海道,regular,2023-08-24
271,user_0271,22,male,愛知,regular,2023-04-14
272,user_0272,23,female,東京,gold,2023-05-28
273,user_0273,73,male,福岡,regular,2023-06-07
274,user_0274,37,male,東京,premium,2023-02-22
275,user_0275,21,female,愛知,premium,2024-03-02
276,user_0276,27,male,北海道,premium,2023-10-16
277,user_0277,61,male,大阪,regular,2025-02-26
278,user_0278,57,female,北海道,gold,2024-09-13
279,user_0279,49,other,大阪,regular,2024-01-31
280,user_0280,58,female,福岡,premium,2023-07-05
281,user_0281,18,female,愛知,gold,2023-11-05
282,user_0282,28,male,福岡,premium,2023-09-24
283,user_0283,37,other,福岡,gold,2024-09-03
284,user_0284,47,female,大阪,premium,2022-12-26
285,user_0285,48,male,大阪,premium,2023-10-10
286,user_0286,40,other,愛知,gold,2024-07-19
287,user_0287,19,other,福岡,premium,2025-05-09
288,user_0288,54,other,東京,gold,2023-04-15
289,user_0289,49,female,大阪,gold,2023-02-16
290,user_0290,40,male,大阪,gold,2024-09-03
291,user_0291,61,other,大阪,gold,2025-02-07
292,user_0292,75,other,東京,premium,2023-03-02
293,user_0293,46,male,北海道,premium,2023-04-29
294,user_0294,26,male,愛知,premium,2023-04-13
295,user_0295,44,male,大阪,regular,2023-03-04
296,user_0296,52,female,北海道,gold,2022-10-25
297,user_0297,35,male,愛知,premium,2022-08-31
298,user_0298,69,female,愛知,regular,2024-01-24
299,user_0299,79,male,大阪,regular,2022-12-19
300,user_0300,61,other,福岡,gold,2024-05-08
301,user_0301,23,female,東京,premium,2023-11-15
302,user_0302,25,female,愛知,gold,2023-04-12
303,user_0303,61,female,北海道,premium,2023-01-26
304,user_0304,58,female,東京,gold,2024-09-20
305,user_0305,48,male,北海道,gold,2024-06-16
306,user_0306,76,other,大阪,gold,2025-03-14
307,user_0307,58,female,愛知,gold,2024-03-25
308,user_0308,25,male,東京,regular,2024-07-10
309,user_0309,49,male,東京,regular,2022-11-21
310,user_0310,52,male,福岡,premium,2024-05-03
311,user_0311,60,other,北海道,premium,2023-09-24
312,user_0312,65,other,大阪,premium,2023-07-17
313,user_0313,24,female,北海道,premium,2022-09-29
314,user_0314,78,female,東京,gold,2024-05-03
315,user_0315,31,female,福岡,regular,2022-12-24
316,user_0316,41,male,愛知,gold,2022-11-06
317,user_0317,80,other,愛知,regular,2024-04-05
318,user_0318,35,male,東京,premium,2025-02-13
319,user_0319,60,male,北海道,regular,2025-03-27
320,user_0320,68,female,大阪,regular,2023-03-04
321,user_0321,54,male,東京,gold,2024-10-17
322,user_0322,55,male,大阪,premium,2023-03-17
323,user_0323,27,other,東京,premium,2022-12-20
324,user_0324,80,male,大阪,gold,2024-09-03
325,user_0325,69,male,東京,gold,2022-12-12
326,user_0326,19,male,東京,premium,2023-03-01
327,user_0327,68,male,北海道,premium,2025-05-01
328,user_0328,29,female,東京,regular,2023-04-19
329,user_0329,44,other,東京,gold,2025-03-13
330,user_0330,48,female,愛知,gold,2023-09-18
331,user_0331,24,female,北海道,regular,2022-09-22
332,user_0332,57,male,北海道,premium,2024-02-03
333,user_0333,59,male,東京,premium,2023-01-01
334,user_0334,43,female,東京,premium,2023-05-19
335,user_0335,76,female,東京,regular,2024-06-22
336,user_0336,56,male,東京,regular,2024-08-09
337,user_0337,57,other,北海道,gold,2023-05-19
338,user_0338,38,female,北海道,gold,2024-07-20
339,user_0339,47,other,北海道,premium,2025-02-05
340,user_0340,68,other,東京,gold,2023-07-21
341,user_0341,74,other,大阪,premium,2024-02-10
342,user_0342,74,male,福岡,premium,2023-01-21
343,user_0343,47,female,福岡,gold,2025-02-09
344,user_0344,38,female,愛知,gold,2024-08-29
345,user_0345,41,male,福岡,regular,2025-02-13
346,user_0346,71,male,東京,premium,2025-02-08
347,user_0347,65,other,愛知,regular,2023-10-26
348,user_0348,21,other,北海道,gold,2024-06-14
349,user_0349,60,male,福岡,premium,2022-12-05
350,user_0350,60,female,東京,premium,2023-09-11
351,user_0351,37,female,東京,gold,2023-12-15
352,user_0352,31,male,福岡,regular,2023-01-01
353,user_0353,24,female,北海道,premium,2025-01-20
354,user_0354,66,female,北海道,regular,2023-02-11
355,user_0355,45,other,北海道,gold,2023-06-26
356,user_0356,59,other,東京,gold,2022-10-09
357,user_0357,60,other,愛知,regular,2024-11-14
358,user_0358,35,other,愛知,premium,2024-05-23
359,user_0359,18,male,大阪,gold,2023-07-14
360,user_0360,43,male,大阪,gold,2023-08-08
361,user_0361,80,male,東京,gold,2023-11-21
362,user_0362,31,female,福岡,premium,2024-06-02
363,user_0363,28,female,愛知,gold,2024-06-19
364,user_0364,67,other,北海道,regular,2022-11-25
365,user_0365,21,male,大阪,gold,2025-03-28
366,user_0366,61,male,愛知,premium,2023-07-10
367,user_0367,45,female,北海道,premium,2024-03-19
368,user_0368,35,male,北海道,regular,2024-05-29
369,user_0369,45,male,愛知,gold,2023-06-23
370,user_0370,55,female,北海道,gold,2024-07-06
371,user_0371,20,male,福岡,gold,2025-03-22
372,user_0372,18,male,愛知,regular,2023-03-24
373,user_0373,26,female,愛知,premium,2025-01-15
374,user_0374,18,female,福岡,regular,2025-01-05
375,user_0375,42,other,大阪,gold,2023-10-23
376,user_0376,71,other,愛知,regular,2024-04-06
377,user_0377,73,other,東京,premium,2025-04-28
378,user_0378,47,male,愛知,gold,2024-03-04
379,user_0379,54,female,福岡,premium,2025-01-20
380,user_0380,43,male,愛知,regular,2023-02-17
381,user_0381,78,other,福岡,gold,2022-10-19
382,user_0382,41,male,福岡,regular,2024-09-10
383,user_0383,45,other,福岡,gold,2025-02-26
384,user_0384,43,female,愛知,regular,2024-06-10
385,user_0385,67,male,東京,gold,2023-08-08
386,user_0386,25,other,北海道,regular,2022-11-02
387,user_0387,67,female,愛知,gold,2022-09-09
388,user_0388,70,other,大阪,regular,2025-02-01
389,user_0389,27,female,大阪,regular,2023-09-09
390,user_0390,27,other,東京,regular,2022-09-16
391,user_0391,67,other,福岡,premium,2023-04-06
392,user_0392,54,other,福岡,gold,2022-10-14
393,user_0393,74,other,北海道,premium,2022-12-15
394,user_0394,80,other,愛知,regular,2024-02-22
395,user_0395,22,female,福岡,gold,2024-07-11
396,user_0396,68,female,北海道,regular,2024-05-22
397,user_0397,50,male,愛知,premium,2024-02-10
398,user_0398,20,male,愛知,premium,2025-02-28
399,user_0399,59,male,北海道,gold,2023-12-15
400,user_0400,42,female,北海道,gold,2022-09-13
401,user_0401,68,other,東京,premium,2022-10-30
402,user_0402,69,other,大阪,premium,2023-09-06
403,user_0403,48,other,大阪,regular,2024-02-11
404,user_0404,24,female,東京,gold,2023-07-26
405,user_0405,29,male,大阪,gold,2024-02-24
406,user_0406,46,other,北海道,gold,2024-12-06
407,user_0407,41,female,愛知,premium,2024-03-25
408,user_0408,67,female,北海道,regular,2023-03-01
409,user_0409,58,other,愛知,regular,2024-06-14
410,user_0410,24,other,福岡,premium,2024-09-01
411,user_0411,64,other,北海道,regular,2024-06-10
412,user_0412,23,other,大阪,premium,2024-07-04
413,user_0413,79,other,福岡,regular,2023-09-16
414,user_0414,63,male,愛知,gold,2024-04-27
415,user_0415,59,female,大阪,gold,2023-05-29
416,user_0416,71,other,北海道,regular,2023-07-26
417,user_0417,60,female,北海道,premium,2025-04-29
418,user_0418,41,female,大阪,regular,2024-06-02
419,user_0419,78,female,大阪,regular,2024-12-28
420,user_0420,27,male,愛知,regular,2023-12-15
421,user_0421,67,other,北海道,regular,2023-07-10
422,user_0422,39,other,大阪,gold,2024-04-27
423,user_0423,27,male,大阪,gold,2023-03-20
424,user_0424,57,male,福岡,regular,2024-03-23
425,user_0425,41,other,大阪,premium,2023-08-31
426,user_0426,36,other,福岡,regular,2023-11-18
427,user_0427,33,female,福岡,regular,2024-05-06
428,user_0428,61,other,福岡,premium,2023-03-22
429,user_0429,36,female,北海道,gold,2024-03-15
430,user_0430,79,male,大阪,gold,2024-12-27
431,user_0431,73,female,東京,gold,2024-01-11
432,user_0432,73,female,北海道,regular,2023-05-20
433,user_0433,72,other,東京,premium,2025-02-21
434,user_0434,66,male,愛知,premium,2022-11-02
435,user_0435,50,male,福岡,regular,2022-09-21
436,user_0436,76,male,福岡,premium,2022-10-08
437,user_0437,19,female,東京,premium,2023-12-20
438,user_0438,41,male,福岡,regular,2024-04-29
439,user_0439,32,male,愛知,regular,2023-01-09
440,user_0440,63,other,愛知,regular,2024-12-28
441,user_0441,20,female,福岡,gold,2023-01-17
442,user_0442,26,other,福岡,premium,2023-08-26
443,user_0443,18,male,東京,premium,2024-10-09
444,user_0444,71,male,北海道,gold,2023-09-02
445,user_0445,51,female,東京,premium,2024-09-16
446,user_0446,37,male,東京,regular,2024-03-14
447,user_0447,58,other,福岡,regular,2025-01-24
448,user_0448,71,female,北海道,gold,2025-05-01
449,user_0449,58,other,北海道,regular,2023-05-13
450,user_0450,27,female,福岡,regular,2023-08-27
451,user_0451,40,male,北海道,premium,2024-11-07
452,user_0452,60,other,東京,gold,2022-08-23
453,user_0453,41,male,北海道,gold,2023-12-15
454,user_0454,68,other,北海道,regular,2024-04-13
455,user_0455,73,female,東京,gold,2024-04-16
456,user_0456,80,female,愛知,gold,2025-05-01
457,user_0457,40,male,愛知,regular,2023-04-28
458,user_0458,60,other,東京,gold,2023-04-26
459,user_0459,66,female,大阪,regular,2024-05-22
460,user_0460,52,female,大阪,gold,2024-01-28
461,user_0461,80,other,福岡,gold,2024-11-12
462,user_0462,69,male,東京,gold,2023-03-15
463,user_0463,78,female,東京,premium,2024-10-23
464,user_0464,20,male,東京,premium,2022-10-05
465,user_0465,37,other,福岡,gold,2024-01-19
466,user_0466,34,male,大阪,premium,2024-05-17
467,user_0467,73,male,愛知,premium,2025-01-10
468,user_0468,69,female,福岡,premium,2023-04-17
469,user_0469,46,female,愛知,regular,2023-12-26
470,user_0470,62,female,愛知,gold,2024-08-17
471,user_0471,69,male,福岡,regular,2024-03-03
472,user_0472,56,male,北海道,premium,2024-06-23
473,user_0473,24,male,愛知,gold,2024-07-19
474,user_0474,37,female,北海道,gold,2024-03-07
475,user_0475,28,other,福岡,premium,2024-02-15
476,user_0476,20,other,愛知,gold,2024-02-27
477,user_0477,35,other,東京,regular,2023-06-30
478,user_0478,58,female,愛知,gold,2023-02-17
479,user_0479,65,other,大阪,regular,2024-12-22
480,user_0480,72,other,福岡,regular,2025-01-08
481,user_0481,22,male,愛知,premium,2024-04-20
482,user_0482,78,other,東京,gold,2024-12-11
483,user_0483,61,female,愛知,premium,2024-02-18
484,user_0484,66,male,北海道,regular,2023-11-22
485,user_0485,41,female,愛知,gold,2024-08-05
486,user_0486,33,male,東京,gold,2024-11-08
487,user_0487,49,other,福岡,gold,2025-01-17
488,user_0488,34,female,福岡,regular,2023-08-30
489,user_0489,36,other,福岡,regular,2025-01-12
490,user_0490,26,male,福岡,regular,2022-11-09
491,user_0491,63,female,東京,gold,2022-08-31
492,user_0492,72,female,愛知,gold,2025-03-12
493,user_0493,53,other,愛知,premium,2022-12-28
494,user_0494,28,other,大阪,premium,2023-12-14
495,user_0495,32,male,大阪,regular,2024-09-17
496,user_0496,68,female,東京,premium,2023-10-28
497,user_0497,54,female,福岡,gold,2025-01-05
498,user_0498,57,male,東京,premium,2024-04-05
499,user_0499,63,other,福岡,gold,2024-03-23
500,user_0500,67,female,北海道,regular,2025-01-09
501,user_0501,80,female,東京,premium,2024-01-26
502,user_0502,61,other,愛知,regular,2022-11-30
503,user_0503,71,other,北海道,regular,2023-03-23
504,user_0504,79,male,福岡,gold,2022-10-28
505,user_0505,73,male,東京,gold,2024-12-12
506,user_0506,37,male,大阪,premium,2022-10-03
507,user_0507,63,male,愛知,gold,2022-11-13
508,user_0508,36,male,愛知,regular,2023-08-06
509,user_0509,79,other,愛知,regular,2023-08-16
510,user_0510,37,other,北海道,regular,2023-12-20
511,user_0511,59,male,北海道,gold,2024-12-11
512,user_0512,28,other,北海道,gold,2022-11-06
513,user_0513,56,female,北海道,regular,2023-01-23
514,user_0514,73,male,東京,regular,2022-09-19
515,user_0515,59,other,愛知,gold,2024-10-14
516,user_0516,67,other,福岡,gold,2023-08-02
517,user_0517,19,female,北海道,premium,2023-07-30
518,user_0518,79,female,福岡,regular,2023-02-13
519,user_0519,69,other,福岡,premium,2024-02-08
520,user_0520,22,other,東京,regular,2024-02-22
521,user_0521,44,female,福岡,regular,2024-06-03
522,user_0522,56,male,愛知,gold,2024-06-25
523,user_0523,64,female,福岡,regular,2023-03-31
524,user_0524,41,other,北海道,regular,2024-06-25
525,user_0525,33,female,東京,premium,2024-02-12
526,user_0526,33,male,東京,regular,2024-07-24
527,user_0527,78,female,北海道,premium,2024-09-05
528,user_0528,79,male,愛知,gold,2023-05-10
529,user_0529,38,male,大阪,premium,2023-12-07
530,user_0530,47,female,愛知,premium,2025-04-24
531,user_0531,23,female,北海道,premium,2022-09-01
532,user_0532,33,male,北海道,premium,2025-03-29
533,user_0533,21,female,福岡,gold,2022-11-26
534,user_0534,71,other,福岡,premium,2023-11-15
535,user_0535,18,male,福岡,regular,2022-11-26
536,user_0536,34,other,愛知,premium,2024-05-08
537,user_0537,20,female,東京,gold,2023-10-20
538,user_0538,30,female,北海道,premium,2025-03-03
539,user_0539,42,other,福岡,gold,2024-08-04
540,user_0540,70,other,北海道,regular,2025-01-06
541,user_0541,80,male,福岡,premium,2023-02-24
542,user_0542,39,other,愛知,regular,2024-10-26
543,user_0543,56,other,福岡,gold,2025-04-06
544,user_0544,20,male,大阪,gold,2024-06-10
545,user_0545,69,female,北海道,premium,2024-12-16
546,user_0546,56,other,大阪,premium,2022-10-07
547,user_0547,57,female,大阪,premium,2023-08-25
548,user_0548,65,female,北海道,premium,2023-12-15
549,user_0549,71,other,北海道,premium,2023-05-23
550,user_0550,54,female,福岡,regular,2024-05-05
551,user_0551,39,other,東京,premium,2023-09-28
552,user_0552,37,other,東京,gold,2024-01-18
553,user_0553,34,other,北海道,gold,2024-09-26
554,user_0554,64,male,北海道,premium,2024-11-24
555,user_0555,51,other,北海道,premium,2024-12-17
556,user_0556,70,other,大阪,regular,2023-10-09
557,user_0557,78,other,東京,regular,2025-04-28
558,user_0558,46,female,福岡,regular,2024-03-21
559,user_0559,62,male,福岡,gold,2023-03-16
560,user_0560,57,female,東京,gold,2024-12-27
561,user_0561,51,male,北海道,premium,2023-07-09
562,user_0562,48,other,福岡,premium,2022-09-11
563,user_0563,29,female,北海道,premium,2023-11-05
564,user_0564,40,other,愛知,gold,2024-01-08
565,user_0565,30,male,愛知,gold,2024-07-16
566,user_0566,32,female,愛知,gold,2024-10-17
567,user_0567,62,other,福岡,premium,2024-01-12
568,user_0568,40,other,愛知,premium,2025-01-13
569,user_0569,54,other,北海道,premium,2022-11-12
570,user_0570,80,female,愛知,regular,2024-07-24
571,user_0571,20,female,東京,premium,2022-10-14
572,user_0572,46,other,愛知,gold,2024-01-13
573,user_0573,31,male,北海道,premium,2022-10-05
574,user_0574,53,other,愛知,regular,2025-01-26
575,user_0575,57,other,北海道,regular,2024-09-11
576,user_0576,21,other,北海道,regular,2023-08-03
577,user_0577,32,male,東京,premium,2024-06-13
578,user_0578,63,female,東京,gold,2023-03-20
579,user_0579,26,male,北海道,regular,2024-03-27
580,user_0580,59,female,福岡,gold,2024-10-25
581,user_0581,66,female,愛知,premium,2023-07-26
582,user_0582,21,male,北海道,regular,2023-11-17
583,user_0583,65,other,東京,regular,2024-03-16
584,user_0584,74,male,東京,premium,2023-03-03
585,user_0585,49,male,愛知,regular,2025-05-08
586,user_0586,37,other,北海道,regular,2022-10-10
587,user_0587,80,female,愛知,premium,2023-07-31
588,user_0588,52,other,福岡,regular,2022-12-28
589,user_0589,50,female,愛知,regular,2023-02-09
590,user_0590,25,female,大阪,gold,2024-02-03
591,user_0591,59,female,大阪,regular,2023-04-24
592,user_0592,39,female,北海道,gold,2023-04-03
593,user_0593,30,male,北海道,gold,2022-11-11
594,user_0594,43,female,北海道,premium,2025-02-18
595,user_0595,43,other,東京,regular,2024-12-25
596,user_0596,48,female,大阪,regular,2024-08-23
597,user_0597,42,male,福岡,premium,2022-09-14
598,user_0598,39,female,北海道,gold,2023-10-09
599,user_0599,18,female,愛知,gold,2024-09-18
600,user_0600,21,other,東京,premium,2024-07-07
601,user_0601,28,female,北海道,gold,2023-03-21
602,user_0602,37,other,東京,gold,2022-10-22
603,user_0603,78,female,愛知,gold,2024-10-03
604,user_0604,32,male,福岡,regular,2024-02-07
605,user_0605,65,other,愛知,premium,2023-05-30
606,user_0606,53,female,北海道,gold,2023-01-23
607,user_0607,31,male,北海道,regular,2023-11-26
608,user_0608,46,other,愛知,regular,2022-10-21
609,user_0609,54,male,東京,gold,2022-11-05
610,user_0610,50,male,北海道,gold,2024-12-15
611,user_0611,28,female,北海道,premium,2025-01-18
612,user_0612,61,male,北海道,premium,2025-02-13
613,user_0613,75,other,福岡,regular,2024-02-08
614,user_0614,26,other,福岡,premium,2023-10-18
615,user_0615,21,other,福岡,gold,2023-02-11
616,user_0616,37,other,東京,premium,2024-08-30
617,user_0617,70,male,大阪,gold,2025-03-04
618,user_0618,20,female,愛知,gold,2025-03-13
619,user_0619,52,male,東京,premium,2025-04-15
620,user_0620,36,female,大阪,regular,2023-03-25
621,user_0621,59,other,福岡,premium,2022-11-17
622,user_0622,42,female,福岡,premium,2025-02-24
623,user_0623,61,other,北海道,regular,2023-07-18
624,user_0624,73,female,東京,regular,2023-11-14
625,user_0625,43,other,大阪,gold,2024-10-01
626,user_0626,71,male,東京,premium,2024-01-29
627,user_0627,61,other,北海道,premium,2023-11-20
628,user_0628,42,male,大阪,premium,2024-05-28
629,user_0629,27,female,大阪,gold,2023-03-26
630,user_0630,25,male,福岡,gold,2023-03-25
631,user_0631,77,male,大阪,regular,2025-03-10
632,user_0632,24,other,東京,premium,2023-09-13
633,user_0633,61,other,東京,regular,2023-04-20
634,user_0634,20,female,福岡,regular,2023-11-12
635,user_0635,31,male,大阪,gold,2024-07-25
636,user_0636,32,other,北海道,premium,2023-10-04
637,user_0637,56,other,愛知,regular,2024-07-12
638,user_0638,74,male,北海道,regular,2024-03-20
639,user_0639,37,female,東京,gold,2022-09-19
640,user_0640,55,other,大阪,gold,2023-06-22
641,user_0641,45,other,福岡,regular,2022-08-26
642,user_0642,40,other,福岡,gold,2024-06-25
643,user_0643,62,female,福岡,regular,2024-07-14
644,user_0644,42,male,北海道,premium,2024-09-13
645,user_0645,72,male,愛知,gold,2024-12-21
646,user_0646,69,female,東京,gold,2024-03-21
647,user_0647,79,female,北海道,gold,2024-12-31
648,user_0648,42,male,愛知,regular,2024-06-13
649,user_0649,59,male,福岡,premium,2025-02-12
650,user_0650,52,other,大阪,regular,2024-08-16
651,user_0651,42,other,北海道,gold,2025-04-07
652,user_0652,73,male,大阪,gold,2023-05-07
653,user_0653,60,other,大阪,premium,2024-10-16
654,user_0654,73,female,愛知,regular,2024-10-13
655,user_0655,77,male,東京,gold,2023-04-06
656,user_0656,48,male,北海道,gold,2024-10-20
657,user_0657,43,male,北海道,premium,2023-03-15
658,user_0658,36,female,福岡,gold,2023-07-23
659,user_0659,40,female,愛知,premium,2023-12-09
660,user_0660,74,female,福岡,regular,2023-02-15
661,user_0661,80,other,福岡,premium,2022-10-24
662,user_0662,31,female,愛知,premium,2025-04-01
663,user_0663,54,male,大阪,regular,2024-08-23
664,user_0664,53,other,北海道,gold,2024-03-16
665,user_0665,36,male,大阪,premium,2024-09-24
666,user_0666,42,other,大阪,premium,2023-11-01
667,user_0667,59,other,愛知,premium,2023-03-28
668,user_0668,70,female,福岡,premium,2024-11-26
669,user_0669,64,female,大阪,regular,2023-05-11
670,user_0670,52,female,大阪,gold,2023-07-30
671,user_0671,79,male,北海道,regular,2023-01-09
672,user_0672,72,male,東京,regular,2024-03-21
673,user_0673,26,other,大阪,regular,2023-05-24
674,user_0674,27,male,大阪,gold,2024-02-06
675,user_0675,41,male,北海道,gold,2023-07-05
676,user_0676,77,other,福岡,gold,2024-01-04
677,user_0677,19,male,北海道,gold,2024-03-22
678,user_0678,18,male,北海道,gold,2024-08-09
679,user_0679,52,female,東京,gold,2023-02-05
680,user_0680,62,other,福岡,regular,2025-01-28
681,user_0681,76,male,北海道,regular,2024-09-13
682,user_0682,30,other,北海道,premium,2023-02-03
683,user_0683,40,female,福岡,regular,2024-04-30
684,user_0684,79,female,福岡,gold,2024-09-10
685,user_0685,62,male,愛知,gold,2023-01-21
686,user_0686,72,male,東京,regular,2024-03-28
687,user_0687,42,female,北海道,premium,2025-03-21
688,user_0688,58,male,大阪,regular,2023-12-23
689,user_0689,72,female,愛知,gold,2022-12-21
690,user_0690,80,male,北海道,regular,2024-09-24
691,user_0691,31,other,北海道,premium,2024-08-13
692,user_0692,20,male,愛知,gold,2023-10-18
693,user_0693,60,male,大阪,premium,2025-05-01
694,user_0694,79,male,北海道,regular,2023-04-08
695,user_0695,70,other,福岡,regular,2024-07-15
696,user_0696,28,other,大阪,gold,2023-01-14
697,user_0697,72,female,北海道,premium,2024-04-19
698,user_0698,66,other,大阪,gold,2023-05-07
699,user_0699,23,other,愛知,regular,2025-02-06
700,user_0700,45,male,東京,premium,2023-09-06
701,user_0701,67,other,北海道,premium,2022-08-29
702,user_0702,67,female,東京,gold,2024-08-11
703,user_0703,68,female,福岡,regular,2024-05-18
704,user_0704,53,female,福岡,regular,2023-06-21
705,user_0705,55,other,福岡,regular,2023-03-19
706,user_0706,57,female,大阪,gold,2025-03-03
707,user_0707,23,female,大阪,premium,2023-05-20
708,user_0708,68,other,大阪,gold,2024-04-14
709,user_0709,38,female,東京,regular,2025-05-12
710,user_0710,78,female,福岡,premium,2023-03-30
711,user_0711,35,male,大阪,regular,2024-11-07
712,user_0712,45,female,北海道,gold,2023-12-10
713,user_0713,44,male,東京,regular,2024-05-20
714,user_0714,53,male,北海道,gold,2023-03-06
715,user_0715,38,female,東京,premium,2024-03-20
716,user_0716,42,male,北海道,regular,2023-10-10
717,user_0717,51,male,福岡,regular,2024-12-26
718,user_0718,35,female,愛知,premium,2024-12-19
719,user_0719,22,male,福岡,premium,2024-03-12
720,user_0720,37,female,東京,premium,2024-09-02
721,user_0721,78,male,福岡,gold,2023-08-25
722,user_0722,30,female,東京,regular,2024-07-10
723,user_0723,18,female,愛知,gold,2024-04-23
724,user_0724,69,female,福岡,premium,2024-03-03
725,user_0725,70,other,北海道,regular,2024-07-14
726,user_0726,38,other,大阪,premium,2024-06-30
727,user_0727,29,female,愛知,premium,2023-04-26
728,user_0728,62,other,福岡,gold,2023-03-09
729,user_0729,33,female,福岡,premium,2023-02-01
730,user_0730,68,female,愛知,regular,2022-10-06
731,user_0731,54,male,北海道,gold,2024-11-14
732,user_0732,61,other,東京,gold,2024-01-31
733,user_0733,78,other,大阪,premium,2023-02-21
734,user_0734,36,other,東京,premium,2023-06-28
735,user_0735,49,male,愛知,regular,2024-09-01
736,user_0736,60,male,福岡,premium,2025-03-03
737,user_0737,46,other,福岡,gold,2024-04-02
738,user_0738,52,other,福岡,gold,2025-04-10
739,user_0739,68,female,北海道,gold,2023-08-03
740,user_0740,76,male,東京,regular,2023-07-14
741,user_0741,60,female,大阪,gold,2023-08-29
742,user_0742,20,other,福岡,premium,2022-09-02
743,user_0743,68,female,東京,regular,2025-02-06
744,user_0744,34,male,北海道,gold,2023-12-03
745,user_0745,53,other,北海道,regular,2024-02-16
746,user_0746,41,female,福岡,gold,2023-09-23
747,user_0747,62,other,大阪,premium,2025-04-22
748,user_0748,48,male,愛知,premium,2022-10-18
749,user_0749,79,male,東京,gold,2024-12-23
750,user_0750,40,female,愛知,premium,2023-03-06
751,user_0751,31,other,福岡,premium,2024-01-16
752,user_0752,24,female,福岡,premium,2025-03-10
753,user_0753,37,male,東京,regular,2022-12-30
754,user_0754,39,other,東京,gold,2023-02-18
755,user_0755,28,other,大阪,gold,2024-11-20
756,user_0756,53,male,愛知,gold,2024-03-07
757,user_0757,79,female,大阪,premium,2023-08-12
758,user_0758,29,male,福岡,premium,2025-04-18
759,user_0759,65,other,大阪,premium,2023-09-19
760,user_0760,45,female,東京,gold,2024-10-10
761,user_0761,31,female,東京,gold,2025-02-02
762,user_0762,69,other,大阪,premium,2024-06-18
763,user_0763,30,female,東京,premium,2023-07-01
764,user_0764,73,female,北海道,gold,2024-07-01
765,user_0765,56,female,北海道,premium,2023-09-24
766,user_0766,25,female,愛知,premium,2023-08-24
767,user_0767,29,other,愛知,gold,2023-09-21
768,user_0768,23,other,大阪,premium,2025-01-17
769,user_0769,33,female,東京,regular,2024-04-30
770,user_0770,62,male,北海道,premium,2024-03-15
771,user_0771,56,male,北海道,premium,2024-03-10
772,user_0772,29,female,北海道,gold,2022-10-19
773,user_0773,59,male,北海道,regular,2024-01-02
774,user_0774,36,male,大阪,premium,2023-01-06
775,user_0775,46,other,東京,premium,2022-09-16
776,user_0776,18,female,大阪,regular,2023-02-03
777,user_0777,42,other,北海道,gold,2023-12-28
778,user_0778,44,other,福岡,premium,2023-05-21
779,user_0779,71,female,福岡,regular,2025-02-22
780,user_0780,54,male,大阪,premium,2025-04-14
781,user_0781,35,male,北海道,premium,2024-11-26
782,user_0782,67,female,北海道,gold,2023-03-18
783,user_0783,67,female,北海道,gold,2025-01-22
784,user_0784,54,male,愛知,gold,2023-01-25
785,user_0785,41,other,東京,gold,2024-02-21
786,user_0786,52,male,福岡,regular,2023-04-25
787,user_0787,71,other,大阪,premium,2022-12-04
788,user_0788,20,female,愛知,premium,2022-12-17
789,user_0789,70,male,福岡,regular,2023-03-15
790,user_0790,69,male,大阪,gold,2023-09-23
791,user_0791,62,female,北海道,gold,2024-03-05
792,user_0792,28,other,大阪,regular,2023-02-04
793,user_0793,31,male,北海道,premium,2023-11-19
794,user_0794,35,other,北海道,regular,2024-06-20
795,user_0795,80,other,愛知,premium,2023-10-09
796,user_0796,35,other,東京,regular,2022-09-05
797,user_0797,66,female,東京,premium,2022-12-12
798,user_0798,59,male,大阪,regular,2024-12-19
799,user_0799,63,female,大阪,gold,2024-04-10
800,user_0800,49,male,北海道,gold,2024-08-15
801,user_0801,58,female,福岡,premium,2025-03-01
802,user_0802,58,male,福岡,gold,2023-04-11
803,user_0803,35,other,愛知,premium,2022-09-17
804,user_0804,49,female,北海道,regular,2022-12-10
805,user_0805,67,other,東京,gold,2022-08-26
806,user_0806,47,other,愛知,regular,2023-02-23
807,user_0807,52,female,大阪,premium,2023-01-24
808,user_0808,31,female,愛知,premium,2023-01-20
809,user_0809,36,female,北海道,gold,2025-01-04
810,user_0810,54,female,愛知,gold,2023-03-29
811,user_0811,21,male,東京,gold,2023-03-07
812,user_0812,71,female,東京,regular,2022-10-09
813,user_0813,72,male,福岡,premium,2025-05-17
814,user_0814,79,female,大阪,gold,2022-10-29
815,user_0815,26,other,愛知,regular,2022-12-04
816,user_0816,77,female,東京,gold,2024-05-13
817,user_0817,34,male,愛知,gold,2022-11-04
818,user_0818,59,male,東京,premium,2023-08-16
819,user_0819,37,other,大阪,premium,2023-07-16
820,user_0820,23,other,東京,regular,2024-10-11
821,user_0821,48,male,大阪,gold,2024-09-28
822,user_0822,51,other,福岡,regular,2025-05-09
823,user_0823,62,female,東京,premium,2023-06-07
824,user_0824,26,female,東京,regular,2024-04-20
825,user_0825,23,other,東京,regular,2024-07-01
826,user_0826,41,female,大阪,premium,2023-03-17
827,user_0827,70,male,大阪,regular,2023-11-21
828,user_0828,54,male,北海道,gold,2024-11-30
829,user_0829,46,female,大阪,gold,2023-04-12
830,user_0830,27,female,北海道,gold,2024-02-19
831,user_0831,73,male,東京,regular,2024-12-25
832,user_0832,66,male,北海道,gold,2024-04-19
833,user_0833,40,female,愛知,regular,2024-09-06
834,user_0834,35,other,東京,regular,2023-10-29
835,user_0835,56,other,北海道,premium,2023-03-12
836,user_0836,78,other,東京,gold,2022-12-03
837,user_0837,37,male,北海道,gold,2023-12-13
838,user_0838,30,other,福岡,premium,2023-07-26
839,user_0839,21,male,福岡,premium,2025-01-22
840,user_0840,33,female,北海道,regular,2023-11-24
841,user_0841,74,male,愛知,premium,2025-01-02
842,user_0842,42,other,福岡,premium,2023-11-05
843,user_0843,61,male,福岡,regular,2025-04-30
844,user_0844,55,male,東京,premium,2024-10-09
845,user_0845,20,male,福岡,gold,2024-07-28
846,user_0846,58,other,北海道,premium,2024-03-10
847,user_0847,62,female,東京,gold,2023-11-15
848,user_0848,52,other,大阪,premium,2025-02-21
849,user_0849,37,male,北海道,regular,2022-08-24
850,user_0850,69,male,北海道,premium,2024-04-12
851,user_0851,55,other,東京,premium,2023-06-02
852,user_0852,45,other,大阪,regular,2024-09-09
853,user_0853,23,female,東京,premium,2023-08-30
854,user_0854,56,male,愛知,gold,2023-04-19
855,user_0855,60,other,大阪,regular,2025-05-05
856,user_0856,63,male,東京,regular,2023-12-26
857,user_0857,78,female,北海道,gold,2023-03-08
858,user_0858,70,other,愛知,regular,2024-05-02
859,user_0859,26,other,愛知,gold,2022-11-22
860,user_0860,25,male,愛知,premium,2024-08-12
861,user_0861,51,male,愛知,gold,2022-08-23
862,user_0862,54,other,東京,premium,2024-02-06
863,user_0863,50,female,東京,premium,2022-12-20
864,user_0864,54,male,愛知,regular,2024-08-29
865,user_0865,67,male,北海道,gold,2023-05-08
866,user_0866,25,male,北海道,regular,2025-04-02
867,user_0867,72,male,大阪,regular,2024-01-20
868,user_0868,41,female,大阪,regular,2022-10-07
869,user_0869,79,male,北海道,gold,2023-04-20
870,user_0870,59,female,大阪,premium,2024-09-05
871,user_0871,44,other,愛知,premium,2023-01-23
872,user_0872,22,other,愛知,regular,2023-12-20
873,user_0873,61,male,大阪,regular,2023-02-14
874,user_0874,51,male,福岡,regular,2022-12-01
875,user_0875,47,female,愛知,premium,2025-02-18
876,user_0876,53,female,東京,premium,2024-10-24
877,user_0877,36,other,愛知,gold,2023-08-19
878,user_0878,33,female,愛知,gold,2022-08-26
879,user_0879,49,male,北海道,regular,2024-12-14
880,user_0880,18,female,東京,regular,2023-11-10
881,user_0881,40,other,東京,premium,2025-05-16
882,user_0882,66,other,福岡,gold,2023-05-04
883,user_0883,37,male,大阪,gold,2024-09-16
884,user_0884,44,female,東京,regular,2023-05-20
885,user_0885,35,male,東京,regular,2022-11-11
886,user_0886,72,other,福岡,gold,2022-11-12
887,user_0887,41,female,東京,gold,2025-02-09
888,user_0888,50,male,福岡,regular,2023-09-19
889,user_0889,54,male,福岡,gold,2022-09-03
890,user_0890,26,male,愛知,premium,2022-12-28
891,user_0891,38,female,愛知,premium,2024-02-09
892,user_0892,35,male,東京,regular,2024-12-29
893,user_0893,67,other,東京,regular,2025-01-29
894,user_0894,28,female,福岡,premium,2024-03-27
895,user_0895,25,other,愛知,regular,2024-02-10
896,user_0896,37,female,愛知,regular,2025-02-14
897,user_0897,28,other,愛知,gold,2023-06-04
898,user_0898,56,male,大阪,premium,2024-12-17
899,user_0899,23,other,大阪,premium,2024-04-07
900,user_0900,50,male,愛知,premium,2023-01-29
901,user_0901,29,male,福岡,premium,2023-10-26
902,user_0902,65,other,大阪,regular,2024-01-30
903,user_0903,24,male,東京,regular,2025-03-15
904,user_0904,71,male,大阪,regular,2023-01-25
905,user_0905,43,female,東京,gold,2023-09-25
906,user_0906,34,male,東京,regular,2024-10-27
907,user_0907,75,other,福岡,regular,2025-02-12
908,user_0908,75,female,東京,regular,2022-09-26
909,user_0909,47,male,大阪,gold,2024-02-29
910,user_0910,70,other,福岡,premium,2025-04-17
911,user_0911,42,other,福岡,regular,2024-05-20
912,user_0912,31,male,愛知,premium,2024-02-16
913,user_0913,74,male,東京,gold,2023-08-22
914,user_0914,57,male,愛知,premium,2024-03-22
915,user_0915,74,other,福岡,regular,2025-02-17
916,user_0916,35,female,大阪,premium,2024-10-25
917,user_0917,59,other,大阪,gold,2023-02-16
918,user_0918,52,male,福岡,gold,2024-05-15
919,user_0919,48,other,福岡,premium,2022-10-26
920,user_0920,54,other,愛知,premium,2024-08-14
921,user_0921,29,male,愛知,gold,2024-10-05
922,user_0922,19,female,東京,premium,2023-11-22
923,user_0923,40,other,大阪,regular,2025-02-04
924,user_0924,33,other,大阪,premium,2023-11-18
925,user_0925,70,other,東京,regular,2023-10-06
926,user_0926,72,female,愛知,regular,2024-11-18
927,user_0927,33,other,愛知,gold,2023-06-03
928,user_0928,40,other,東京,gold,2023-05-31
929,user_0929,40,other,北海道,regular,2023-10-19
930,user_0930,78,male,福岡,gold,2024-07-05
931,user_0931,29,female,東京,regular,2025-03-21
932,user_0932,32,other,大阪,regular,2023-11-25
933,user_0933,48,male,愛知,gold,2024-10-23
934,user_0934,69,male,愛知,gold,2024-11-17
935,user_0935,76,female,東京,regular,2024-12-17
936,user_0936,55,other,大阪,regular,2023-01-02
937,user_0937,51,female,東京,premium,2023-05-27
938,user_0938,78,other,福岡,gold,2025-02-03
939,user_0939,39,female,愛知,regular,2022-08-22
940,user_0940,28,other,福岡,gold,2022-09-07
941,user_0941,49,other,愛知,regular,2023-05-24
942,user_0942,79,other,北海道,premium,2024-10-01
943,user_0943,60,other,大阪,premium,2024-07-07
944,user_0944,64,other,愛知,regular,2024-11-17
945,user_0945,64,male,北海道,premium,2022-12-28
946,user_0946,67,other,東京,regular,2023-09-09
947,user_0947,38,other,大阪,gold,2023-10-16
948,user_0948,24,female,大阪,premium,2023-04-15
949,user_0949,22,male,愛知,premium,2024-11-27
950,user_0950,58,male,愛知,premium,2025-05-06
951,user_0951,34,male,大阪,gold,2025-03-09
952,user_0952,40,female,東京,gold,2025-05-16
953,user_0953,21,female,福岡,gold,2024-03-14
954,user_0954,80,male,福岡,premium,2022-11-27
955,user_0955,42,female,北海道,premium,2025-02-03
956,user_0956,71,female,北海道,gold,2023-04-02
957,user_0957,61,male,大阪,premium,2025-03-03
958,user_0958,69,male,愛知,regular,2024-06-25
959,user_0959,34,male,東京,premium,2024-11-24
960,user_0960,74,female,大阪,gold,2025-03-02
961,user_0961,53,male,愛知,gold,2023-08-28
962,user_0962,75,female,東京,premium,2022-09-25
963,user_0963,59,male,北海道,premium,2024-12-08
964,user_0964,21,male,愛知,regular,2022-08-24
965,user_0965,30,female,北海道,gold,2022-10-13
966,user_0966,64,other,愛知,gold,2024-08-02
967,user_0967,37,male,東京,regular,2024-04-10
968,user_0968,54,other,福岡,regular,2025-03-23
969,user_0969,41,male,福岡,regular,2024-07-20
970,user_0970,70,other,北海道,premium,2024-10-25
971,user_0971,24,male,大阪,regular,2023-08-03
972,user_0972,36,male,福岡,regular,2024-07-06
973,user_0973,68,female,福岡,premium,2022-11-13
974,user_0974,60,female,東京,gold,2023-11-07
975,user_0975,42,male,愛知,premium,2024-05-04
976,user_0976,29,female,東京,premium,2024-02-22
977,user_0977,47,female,大阪,premium,2023-10-18
978,user_0978,21,male,東京,regular,2023-07-03
979,user_0979,40,other,福岡,gold,2024-09-27
980,user_0980,53,male,福岡,gold,2024-03-15
981,user_0981,79,other,福岡,gold,2022-11-27
982,user_0982,33,female,愛知,regular,2024-04-08
983,user_0983,75,other,東京,gold,2023-10-11
984,user_0984,75,other,北海道,gold,2023-08-21
985,user_0985,27,male,福岡,regular,2022-09-19
986,user_0986,80,male,大阪,regular,2025-01-08
987,user_0987,20,female,東京,gold,2024-02-27
988,user_0988,30,other,大阪,gold,2024-08-26
989,user_0989,38,other,東京,regular,2024-04-15
990,user_0990,53,female,北海道,premium,2022-12-22
991,user_0991,35,other,福岡,regular,2023-03-04
992,user_0992,62,other,北海道,gold,2023-03-09
993,user_0993,44,male,福岡,regular,2024-12-17
994,user_0994,54,other,北海道,regular,2022-10-13
995,user_0995,24,other,東京,premium,2022-12-11
996,user_0996,52,female,福岡,premium,2024-04-20
997,user_0997,59,female,北海道,gold,2024-01-19
998,user_0998,20,male,愛知,premium,2024-12-21
999,user_0999,57,other,福岡,regular,2024-04-07
1000,user_1000,74,female,大阪,regular,2023-04-15
